Starting a Gradle Daemon, 3 busy and 1 incompatible Daemons could not be reused, use --status for details
> Task :compileJava UP-TO-DATE
> Task :processResources UP-TO-DATE
> Task :classes UP-TO-DATE
> Task :resolveMainClassName UP-TO-DATE

> Task :bootRun

  .   ____          _            __ _ _
 /\\ / ___'_ __ _ _(_)_ __  __ _ \ \ \ \
( ( )\___ | '_ | '_| | '_ \/ _` | \ \ \ \
 \\/  ___)| |_)| | | | | || (_| |  ) ) ) )
  '  |____| .__|_| |_|_| |_\__, | / / / /
 =========|_|==============|___/=/_/_/_/

 :: Spring Boot ::                (v4.1.1)

2026-09-11T11:41:32.576+05:30  INFO 16436 --- [nifty-trading] [           main] com.example.demo.DemoApplication         : Starting DemoApplication using Java 26.0.2.1 with PID 16436 (C:\Users\degreecloud.arvind\Downloads\demo (2)\demo\build\classes\java\main started by degreecloud.arvind in C:\Users\degreecloud.arvind\Downloads\demo (2)\demo)
2026-09-11T11:41:32.582+05:30  INFO 16436 --- [nifty-trading] [           main] com.example.demo.DemoApplication         : No active profile set, falling back to 1 default profile: "default"
2026-09-11T11:41:33.523+05:30  INFO 16436 --- [nifty-trading] [           main] o.s.boot.tomcat.TomcatWebServer          : Tomcat initialized with port 8282 (http)
2026-09-11T11:41:33.537+05:30  INFO 16436 --- [nifty-trading] [           main] o.apache.catalina.core.StandardService   : Starting service [Tomcat]
2026-09-11T11:41:33.537+05:30  INFO 16436 --- [nifty-trading] [           main] o.apache.catalina.core.StandardEngine    : Starting Servlet engine: [Apache Tomcat/11.0.24]
2026-09-11T11:41:33.613+05:30  INFO 16436 --- [nifty-trading] [           main] b.w.c.s.WebApplicationContextInitializer : Root WebApplicationContext: initialization completed in 963 ms
2026-09-11T11:41:34.378+05:30  INFO 16436 --- [nifty-trading] [           main] o.s.boot.tomcat.TomcatWebServer          : Tomcat started on port 8282 (http) with context path '/'
2026-09-11T11:41:34.385+05:30  INFO 16436 --- [nifty-trading] [           main] com.example.demo.DemoApplication         : Started DemoApplication in 2.326 seconds (process running for 3.124)
2026-09-11T11:41:35.410+05:30  INFO 16436 --- [nifty-trading] [           main] com.example.demo.TradingApplication      : NIFTY spot price: 23354.7
2026-09-11T11:41:35.410+05:30  INFO 16436 --- [nifty-trading] [           main] c.e.demo.service.ScripMasterService      : Downloading Angel One Scrip Master from https://margincalculator.angelone.in/OpenAPI_File/files/OpenAPIScripMaster.json
2026-09-11T11:42:10.938+05:30  INFO 16436 --- [nifty-trading] [           main] c.e.demo.service.ScripMasterService      : Parsed 1636 NIFTY OPTIDX contracts from Scrip Master
2026-09-11T11:42:10.941+05:30  INFO 16436 --- [nifty-trading] [           main] c.e.demo.service.ScripMasterService      : Nearest NIFTY expiry resolved: 2026-09-15 with 182 contracts
2026-09-11T11:42:10.941+05:30  INFO 16436 --- [nifty-trading] [           main] com.example.demo.TradingApplication      : Nearest NIFTY expiry: 2026-09-15
2026-09-11T11:42:10.942+05:30  INFO 16436 --- [nifty-trading] [           main] com.example.demo.TradingApplication      : ATM CE selected: symbol=NIFTY15SEP2623350CE token=47291 strike=23350.0 expiry=2026-09-15
2026-09-11T11:42:10.982+05:30  INFO 16436 --- [nifty-trading] [           main] com.example.demo.TradingApplication      : SmartStream subscription initiated for NIFTY and ATM CE NIFTY15SEP2623350CE
2026-09-11T11:42:11.318+05:30  INFO 16436 --- [nifty-trading] [onPool-worker-1] c.e.d.service.AngelOneMarketDataService  : SmartStream WebSocket connected
2026-09-11T11:42:11.340+05:30  INFO 16436 --- [nifty-trading] [onPool-worker-1] c.e.d.service.AngelOneMarketDataService  : Sent SmartStream subscription request: {"params":{"mode":1,"tokenList":[{"tokens":["26000"],"exchangeType":1},{"tokens":["47291"],"exchangeType":2}]},"action":1,"correlationID":"nifty-atm-stream"}
2026-09-11T11:42:11.399+05:30  INFO 16436 --- [nifty-trading] [ient-4-Worker-0] c.e.d.service.AngelOneMarketDataService  : NIFTY = 23349.8
2026-09-11T11:42:11.400+05:30  INFO 16436 --- [nifty-trading] [ient-4-Worker-0] c.e.d.service.AngelOneMarketDataService  : ATM CE = 116.9
2026-09-11T11:42:11.647+05:30  INFO 16436 --- [nifty-trading] [ient-4-Worker-0] c.e.d.service.AngelOneMarketDataService  : NIFTY = 23349.6
2026-09-11T11:42:11.719+05:30  INFO 16436 --- [nifty-trading] [ient-4-Worker-0] c.e.d.service.AngelOneMarketDataService  : ATM CE = 116.6
2026-09-11T11:42:11.898+05:30  INFO 16436 --- [nifty-trading] [ient-4-Worker-0] c.e.d.service.AngelOneMarketDataService  : NIFTY = 23349.05
2026-09-11T11:42:12.127+05:30  INFO 16436 --- [nifty-trading] [ient-4-Worker-0] c.e.d.service.AngelOneMarketDataService  : NIFTY = 23348.5
2026-09-11T11:42:12.273+05:30  INFO 16436 --- [nifty-trading] [ient-4-Worker-0] c.e.d.service.AngelOneMarketDataService  : ATM CE = 116.45
2026-09-11T11:42:12.397+05:30  INFO 16436 --- [nifty-trading] [ient-4-Worker-0] c.e.d.service.AngelOneMarketDataService  : NIFTY = 23348.8
2026-09-11T11:42:12.626+05:30  INFO 16436 --- [nifty-trading] [ient-4-Worker-0] c.e.d.service.AngelOneMarketDataService  : NIFTY = 23347.1
2026-09-11T11:42:12.875+05:30  INFO 16436 --- [nifty-trading] [ient-4-Worker-0] c.e.d.service.AngelOneMarketDataService  : NIFTY = 23347.55
2026-09-11T11:42:13.125+05:30  INFO 16436 --- [nifty-trading] [ient-4-Worker-0] c.e.d.service.AngelOneMarketDataService  : NIFTY = 23347.4
2026-09-11T11:42:13.239+05:30  INFO 16436 --- [nifty-trading] [ient-4-Worker-0] c.e.d.service.AngelOneMarketDataService  : ATM CE = 116.3
2026-09-11T11:42:13.385+05:30  INFO 16436 --- [nifty-trading] [ient-4-Worker-0] c.e.d.service.AngelOneMarketDataService  : ATM CE = 116.4
2026-09-11T11:42:13.386+05:30  INFO 16436 --- [nifty-trading] [ient-4-Worker-0] c.e.d.service.AngelOneMarketDataService  : NIFTY = 23347.65
2026-09-11T11:42:13.627+05:30  INFO 16436 --- [nifty-trading] [ient-4-Worker-0] c.e.d.service.AngelOneMarketDataService  : NIFTY = 23348.1
2026-09-11T11:42:13.879+05:30  INFO 16436 --- [nifty-trading] [ient-4-Worker-0] c.e.d.service.AngelOneMarketDataService  : NIFTY = 23347.65
2026-09-11T11:42:14.123+05:30  INFO 16436 --- [nifty-trading] [ient-4-Worker-0] c.e.d.service.AngelOneMarketDataService  : NIFTY = 23347.6
2026-09-11T11:42:14.234+05:30  INFO 16436 --- [nifty-trading] [ient-4-Worker-0] c.e.d.service.AngelOneMarketDataService  : ATM CE = 116.15
2026-09-11T11:42:14.373+05:30  INFO 16436 --- [nifty-trading] [ient-4-Worker-0] c.e.d.service.AngelOneMarketDataService  : NIFTY = 23347.05
2026-09-11T11:42:14.623+05:30  INFO 16436 --- [nifty-trading] [ient-4-Worker-0] c.e.d.service.AngelOneMarketDataService  : NIFTY = 23348.05
2026-09-11T11:42:14.874+05:30  INFO 16436 --- [nifty-trading] [ient-4-Worker-0] c.e.d.service.AngelOneMarketDataService  : NIFTY = 23348.55
2026-09-11T11:42:14.889+05:30  INFO 16436 --- [nifty-trading] [ient-4-Worker-0] c.e.d.service.AngelOneMarketDataService  : ATM CE = 116.6
2026-09-11T11:42:15.125+05:30  INFO 16436 --- [nifty-trading] [ient-4-Worker-0] c.e.d.service.AngelOneMarketDataService  : NIFTY = 23346.85
2026-09-11T11:42:15.234+05:30  INFO 16436 --- [nifty-trading] [ient-4-Worker-0] c.e.d.service.AngelOneMarketDataService  : ATM CE = 117.0
2026-09-11T11:42:15.377+05:30  INFO 16436 --- [nifty-trading] [ient-4-Worker-0] c.e.d.service.AngelOneMarketDataService  : NIFTY = 23347.7
2026-09-11T11:42:15.624+05:30  INFO 16436 --- [nifty-trading] [ient-4-Worker-0] c.e.d.service.AngelOneMarketDataService  : NIFTY = 23348.35
2026-09-11T11:42:15.872+05:30  INFO 16436 --- [nifty-trading] [ient-4-Worker-0] c.e.d.service.AngelOneMarketDataService  : NIFTY = 23348.4
2026-09-11T11:42:16.123+05:30  INFO 16436 --- [nifty-trading] [ient-4-Worker-0] c.e.d.service.AngelOneMarketDataService  : NIFTY = 23348.45
2026-09-11T11:42:16.238+05:30  INFO 16436 --- [nifty-trading] [ient-4-Worker-0] c.e.d.service.AngelOneMarketDataService  : ATM CE = 117.6
2026-09-11T11:42:16.376+05:30  INFO 16436 --- [nifty-trading] [ient-4-Worker-0] c.e.d.service.AngelOneMarketDataService  : NIFTY = 23347.5
2026-09-11T11:42:16.626+05:30  INFO 16436 --- [nifty-trading] [ient-4-Worker-0] c.e.d.service.AngelOneMarketDataService  : NIFTY = 23347.4
2026-09-11T11:42:16.681+05:30  INFO 16436 --- [nifty-trading] [ient-4-Worker-0] c.e.d.service.AngelOneMarketDataService  : ATM CE = 118.2
2026-09-11T11:42:16.873+05:30  INFO 16436 --- [nifty-trading] [ient-4-Worker-0] c.e.d.service.AngelOneMarketDataService  : NIFTY = 23347.2
2026-09-11T11:42:17.123+05:30  INFO 16436 --- [nifty-trading] [ient-4-Worker-0] c.e.d.service.AngelOneMarketDataService  : NIFTY = 23347.75
2026-09-11T11:42:17.231+05:30  INFO 16436 --- [nifty-trading] [ient-4-Worker-0] c.e.d.service.AngelOneMarketDataService  : ATM CE = 117.9
2026-09-11T11:42:17.375+05:30  INFO 16436 --- [nifty-trading] [ient-4-Worker-0] c.e.d.service.AngelOneMarketDataService  : NIFTY = 23347.9
2026-09-11T11:42:17.623+05:30  INFO 16436 --- [nifty-trading] [ient-4-Worker-0] c.e.d.service.AngelOneMarketDataService  : NIFTY = 23347.8
2026-09-11T11:42:17.878+05:30  INFO 16436 --- [nifty-trading] [ient-4-Worker-0] c.e.d.service.AngelOneMarketDataService  : NIFTY = 23348.0
2026-09-11T11:42:18.124+05:30  INFO 16436 --- [nifty-trading] [ient-4-Worker-0] c.e.d.service.AngelOneMarketDataService  : NIFTY = 23347.65
2026-09-11T11:42:18.234+05:30  INFO 16436 --- [nifty-trading] [ient-4-Worker-0] c.e.d.service.AngelOneMarketDataService  : ATM CE = 118.4
2026-09-11T11:42:18.294+05:30  INFO 16436 --- [nifty-trading] [ient-4-Worker-0] c.e.d.service.AngelOneMarketDataService  : ATM CE = 118.4
2026-09-11T11:42:18.373+05:30  INFO 16436 --- [nifty-trading] [ient-4-Worker-0] c.e.d.service.AngelOneMarketDataService  : NIFTY = 23347.6
2026-09-11T11:42:18.627+05:30  INFO 16436 --- [nifty-trading] [ient-4-Worker-0] c.e.d.service.AngelOneMarketDataService  : NIFTY = 23348.4
2026-09-11T11:42:18.911+05:30  INFO 16436 --- [nifty-trading] [ient-4-Worker-0] c.e.d.service.AngelOneMarketDataService  : NIFTY = 23348.9
2026-09-11T11:42:19.124+05:30  INFO 16436 --- [nifty-trading] [ient-4-Worker-0] c.e.d.service.AngelOneMarketDataService  : NIFTY = 23349.5
2026-09-11T11:42:19.231+05:30  INFO 16436 --- [nifty-trading] [ient-4-Worker-0] c.e.d.service.AngelOneMarketDataService  : ATM CE = 118.55
2026-09-11T11:42:19.376+05:30  INFO 16436 --- [nifty-trading] [ient-4-Worker-0] c.e.d.service.AngelOneMarketDataService  : NIFTY = 23349.05
2026-09-11T11:42:19.627+05:30  INFO 16436 --- [nifty-trading] [ient-4-Worker-0] c.e.d.service.AngelOneMarketDataService  : NIFTY = 23349.15
2026-09-11T11:42:19.871+05:30  INFO 16436 --- [nifty-trading] [ient-4-Worker-0] c.e.d.service.AngelOneMarketDataService  : NIFTY = 23349.3
2026-09-11T11:42:19.899+05:30  INFO 16436 --- [nifty-trading] [ient-4-Worker-0] c.e.d.service.AngelOneMarketDataService  : ATM CE = 118.8
2026-09-11T11:42:20.124+05:30  INFO 16436 --- [nifty-trading] [ient-4-Worker-0] c.e.d.service.AngelOneMarketDataService  : NIFTY = 23349.7
2026-09-11T11:42:20.238+05:30  INFO 16436 --- [nifty-trading] [ient-4-Worker-0] c.e.d.service.AngelOneMarketDataService  : ATM CE = 118.7
2026-09-11T11:42:20.372+05:30  INFO 16436 --- [nifty-trading] [ient-4-Worker-0] c.e.d.service.AngelOneMarketDataService  : NIFTY = 23349.5
2026-09-11T11:42:20.872+05:30  INFO 16436 --- [nifty-trading] [ient-4-Worker-0] c.e.d.service.AngelOneMarketDataService  : NIFTY = 23349.3
2026-09-11T11:42:21.128+05:30  INFO 16436 --- [nifty-trading] [ient-4-Worker-0] c.e.d.service.AngelOneMarketDataService  : NIFTY = 23349.25
2026-09-11T11:42:21.262+05:30  INFO 16436 --- [nifty-trading] [ient-4-Worker-0] c.e.d.service.AngelOneMarketDataService  : ATM CE = 118.85
2026-09-11T11:42:21.372+05:30  INFO 16436 --- [nifty-trading] [ient-4-Worker-0] c.e.d.service.AngelOneMarketDataService  : NIFTY = 23349.55
2026-09-11T11:42:21.626+05:30  INFO 16436 --- [nifty-trading] [ient-4-Worker-0] c.e.d.service.AngelOneMarketDataService  : NIFTY = 23349.2
2026-09-11T11:42:21.701+05:30  INFO 16436 --- [nifty-trading] [ient-4-Worker-0] c.e.d.service.AngelOneMarketDataService  : ATM CE = 119.15
2026-09-11T11:42:21.882+05:30  INFO 16436 --- [nifty-trading] [ient-4-Worker-0] c.e.d.service.AngelOneMarketDataService  : NIFTY = 23349.4
2026-09-11T11:42:22.123+05:30  INFO 16436 --- [nifty-trading] [ient-4-Worker-0] c.e.d.service.AngelOneMarketDataService  : NIFTY = 23349.35
2026-09-11T11:42:22.235+05:30  INFO 16436 --- [nifty-trading] [ient-4-Worker-0] c.e.d.service.AngelOneMarketDataService  : ATM CE = 119.2
2026-09-11T11:42:22.623+05:30  INFO 16436 --- [nifty-trading] [ient-4-Worker-0] c.e.d.service.AngelOneMarketDataService  : NIFTY = 23349.0
2026-09-11T11:42:22.876+05:30  INFO 16436 --- [nifty-trading] [ient-4-Worker-0] c.e.d.service.AngelOneMarketDataService  : NIFTY = 23348.8
2026-09-11T11:42:23.124+05:30  INFO 16436 --- [nifty-trading] [ient-4-Worker-0] c.e.d.service.AngelOneMarketDataService  : NIFTY = 23348.45
2026-09-11T11:42:23.236+05:30  INFO 16436 --- [nifty-trading] [ient-4-Worker-0] c.e.d.service.AngelOneMarketDataService  : ATM CE = 119.15
2026-09-11T11:42:23.302+05:30  INFO 16436 --- [nifty-trading] [ient-4-Worker-0] c.e.d.service.AngelOneMarketDataService  : ATM CE = 119.15
2026-09-11T11:42:23.374+05:30  INFO 16436 --- [nifty-trading] [ient-4-Worker-0] c.e.d.service.AngelOneMarketDataService  : NIFTY = 23348.85
2026-09-11T11:42:23.644+05:30  INFO 16436 --- [nifty-trading] [ient-4-Worker-0] c.e.d.service.AngelOneMarketDataService  : NIFTY = 23348.8
2026-09-11T11:42:23.914+05:30  INFO 16436 --- [nifty-trading] [ient-4-Worker-0] c.e.d.service.AngelOneMarketDataService  : NIFTY = 23348.45
2026-09-11T11:42:24.123+05:30  INFO 16436 --- [nifty-trading] [ient-4-Worker-0] c.e.d.service.AngelOneMarketDataService  : NIFTY = 23349.0
2026-09-11T11:42:24.241+05:30  INFO 16436 --- [nifty-trading] [ient-4-Worker-0] c.e.d.service.AngelOneMarketDataService  : ATM CE = 119.2
2026-09-11T11:42:24.371+05:30  INFO 16436 --- [nifty-trading] [ient-4-Worker-0] c.e.d.service.AngelOneMarketDataService  : NIFTY = 23348.5
2026-09-11T11:42:24.624+05:30  INFO 16436 --- [nifty-trading] [ient-4-Worker-0] c.e.d.service.AngelOneMarketDataService  : NIFTY = 23349.15
2026-09-11T11:42:24.874+05:30  INFO 16436 --- [nifty-trading] [ient-4-Worker-0] c.e.d.service.AngelOneMarketDataService  : NIFTY = 23348.6
2026-09-11T11:42:24.903+05:30  INFO 16436 --- [nifty-trading] [ient-4-Worker-0] c.e.d.service.AngelOneMarketDataService  : ATM CE = 119.15
2026-09-11T11:42:25.122+05:30  INFO 16436 --- [nifty-trading] [ient-4-Worker-0] c.e.d.service.AngelOneMarketDataService  : NIFTY = 23348.65
2026-09-11T11:42:25.271+05:30  INFO 16436 --- [nifty-trading] [ient-4-Worker-0] c.e.d.service.AngelOneMarketDataService  : ATM CE = 119.45
2026-09-11T11:42:25.372+05:30  INFO 16436 --- [nifty-trading] [ient-4-Worker-0] c.e.d.service.AngelOneMarketDataService  : NIFTY = 23348.75
2026-09-11T11:42:25.625+05:30  INFO 16436 --- [nifty-trading] [ient-4-Worker-0] c.e.d.service.AngelOneMarketDataService  : NIFTY = 23348.3
2026-09-11T11:42:26.181+05:30  INFO 16436 --- [nifty-trading] [ient-4-Worker-0] c.e.d.service.AngelOneMarketDataService  : NIFTY = 23350.3
2026-09-11T11:42:26.239+05:30  INFO 16436 --- [nifty-trading] [ient-4-Worker-0] c.e.d.service.AngelOneMarketDataService  : ATM CE = 120.1
2026-09-11T11:42:26.381+05:30  INFO 16436 --- [nifty-trading] [ient-4-Worker-0] c.e.d.service.AngelOneMarketDataService  : NIFTY = 23350.15
2026-09-11T11:42:26.625+05:30  INFO 16436 --- [nifty-trading] [ient-4-Worker-0] c.e.d.service.AngelOneMarketDataService  : NIFTY = 23349.95
2026-09-11T11:42:26.710+05:30  INFO 16436 --- [nifty-trading] [ient-4-Worker-0] c.e.d.service.AngelOneMarketDataService  : ATM CE = 120.5
2026-09-11T11:42:26.875+05:30  INFO 16436 --- [nifty-trading] [ient-4-Worker-0] c.e.d.service.AngelOneMarketDataService  : NIFTY = 23349.65
2026-09-11T11:42:27.123+05:30  INFO 16436 --- [nifty-trading] [ient-4-Worker-0] c.e.d.service.AngelOneMarketDataService  : NIFTY = 23350.1
2026-09-11T11:42:27.239+05:30  INFO 16436 --- [nifty-trading] [ient-4-Worker-0] c.e.d.service.AngelOneMarketDataService  : ATM CE = 120.8
2026-09-11T11:42:27.373+05:30  INFO 16436 --- [nifty-trading] [ient-4-Worker-0] c.e.d.service.AngelOneMarketDataService  : NIFTY = 23350.35
2026-09-11T11:42:27.627+05:30  INFO 16436 --- [nifty-trading] [ient-4-Worker-0] c.e.d.service.AngelOneMarketDataService  : NIFTY = 23350.1
2026-09-11T11:42:27.881+05:30  INFO 16436 --- [nifty-trading] [ient-4-Worker-0] c.e.d.service.AngelOneMarketDataService  : NIFTY = 23350.05
2026-09-11T11:42:28.126+05:30  INFO 16436 --- [nifty-trading] [ient-4-Worker-0] c.e.d.service.AngelOneMarketDataService  : NIFTY = 23350.1
2026-09-11T11:42:28.243+05:30  INFO 16436 --- [nifty-trading] [ient-4-Worker-0] c.e.d.service.AngelOneMarketDataService  : ATM CE = 120.65
2026-09-11T11:42:28.312+05:30  INFO 16436 --- [nifty-trading] [ient-4-Worker-0] c.e.d.service.AngelOneMarketDataService  : ATM CE = 120.8
2026-09-11T11:42:28.377+05:30  INFO 16436 --- [nifty-trading] [ient-4-Worker-0] c.e.d.service.AngelOneMarketDataService  : NIFTY = 23349.9
2026-09-11T11:42:28.626+05:30  INFO 16436 --- [nifty-trading] [ient-4-Worker-0] c.e.d.service.AngelOneMarketDataService  : NIFTY = 23350.25
2026-09-11T11:42:28.879+05:30  INFO 16436 --- [nifty-trading] [ient-4-Worker-0] c.e.d.service.AngelOneMarketDataService  : NIFTY = 23350.3
2026-09-11T11:42:29.123+05:30  INFO 16436 --- [nifty-trading] [ient-4-Worker-0] c.e.d.service.AngelOneMarketDataService  : NIFTY = 23349.95
2026-09-11T11:42:29.240+05:30  INFO 16436 --- [nifty-trading] [ient-4-Worker-0] c.e.d.service.AngelOneMarketDataService  : ATM CE = 120.15
2026-09-11T11:42:29.373+05:30  INFO 16436 --- [nifty-trading] [ient-4-Worker-0] c.e.d.service.AngelOneMarketDataService  : NIFTY = 23350.1
2026-09-11T11:42:29.624+05:30  INFO 16436 --- [nifty-trading] [ient-4-Worker-0] c.e.d.service.AngelOneMarketDataService  : NIFTY = 23349.85
2026-09-11T11:42:29.871+05:30  INFO 16436 --- [nifty-trading] [ient-4-Worker-0] c.e.d.service.AngelOneMarketDataService  : NIFTY = 23349.7
2026-09-11T11:42:29.910+05:30  INFO 16436 --- [nifty-trading] [ient-4-Worker-0] c.e.d.service.AngelOneMarketDataService  : ATM CE = 120.3
2026-09-11T11:42:30.127+05:30  INFO 16436 --- [nifty-trading] [ient-4-Worker-0] c.e.d.service.AngelOneMarketDataService  : NIFTY = 23350.2
2026-09-11T11:42:30.189+05:30  INFO 16436 --- [nifty-trading] [ient-4-Worker-0] c.e.d.service.AngelOneMarketDataService  : ATM CE = 120.3
2026-09-11T11:42:30.243+05:30  INFO 16436 --- [nifty-trading] [ient-4-Worker-0] c.e.d.service.AngelOneMarketDataService  : ATM CE = 120.0
2026-09-11T11:42:30.374+05:30  INFO 16436 --- [nifty-trading] [ient-4-Worker-0] c.e.d.service.AngelOneMarketDataService  : NIFTY = 23350.4
2026-09-11T11:42:30.634+05:30  INFO 16436 --- [nifty-trading] [ient-4-Worker-0] c.e.d.service.AngelOneMarketDataService  : NIFTY = 23350.45
2026-09-11T11:42:30.882+05:30  INFO 16436 --- [nifty-trading] [ient-4-Worker-0] c.e.d.service.AngelOneMarketDataService  : NIFTY = 23350.5
2026-09-11T11:42:31.160+05:30  INFO 16436 --- [nifty-trading] [ient-4-Worker-0] c.e.d.service.AngelOneMarketDataService  : NIFTY = 23350.55
2026-09-11T11:42:31.379+05:30  INFO 16436 --- [nifty-trading] [ient-4-Worker-0] c.e.d.service.AngelOneMarketDataService  : ATM CE = 119.9
2026-09-11T11:42:31.379+05:30  INFO 16436 --- [nifty-trading] [ient-4-Worker-0] c.e.d.service.AngelOneMarketDataService  : NIFTY = 23350.9
2026-09-11T11:42:31.635+05:30  INFO 16436 --- [nifty-trading] [ient-4-Worker-0] c.e.d.service.AngelOneMarketDataService  : NIFTY = 23350.75
2026-09-11T11:42:31.711+05:30  INFO 16436 --- [nifty-trading] [ient-4-Worker-0] c.e.d.service.AngelOneMarketDataService  : ATM CE = 120.2
2026-09-11T11:42:31.880+05:30  INFO 16436 --- [nifty-trading] [ient-4-Worker-0] c.e.d.service.AngelOneMarketDataService  : NIFTY = 23350.5
2026-09-11T11:42:32.122+05:30  INFO 16436 --- [nifty-trading] [ient-4-Worker-0] c.e.d.service.AngelOneMarketDataService  : NIFTY = 23349.6
2026-09-11T11:42:32.246+05:30  INFO 16436 --- [nifty-trading] [ient-4-Worker-0] c.e.d.service.AngelOneMarketDataService  : ATM CE = 119.85
2026-09-11T11:42:32.380+05:30  INFO 16436 --- [nifty-trading] [ient-4-Worker-0] c.e.d.service.AngelOneMarketDataService  : NIFTY = 23350.3
2026-09-11T11:42:32.626+05:30  INFO 16436 --- [nifty-trading] [ient-4-Worker-0] c.e.d.service.AngelOneMarketDataService  : NIFTY = 23350.4
2026-09-11T11:42:32.877+05:30  INFO 16436 --- [nifty-trading] [ient-4-Worker-0] c.e.d.service.AngelOneMarketDataService  : NIFTY = 23350.85
2026-09-11T11:42:33.122+05:30  INFO 16436 --- [nifty-trading] [ient-4-Worker-0] c.e.d.service.AngelOneMarketDataService  : NIFTY = 23351.05
2026-09-11T11:42:33.245+05:30  INFO 16436 --- [nifty-trading] [ient-4-Worker-0] c.e.d.service.AngelOneMarketDataService  : ATM CE = 120.1
2026-09-11T11:42:33.308+05:30  INFO 16436 --- [nifty-trading] [ient-4-Worker-0] c.e.d.service.AngelOneMarketDataService  : ATM CE = 120.1
2026-09-11T11:42:33.375+05:30  INFO 16436 --- [nifty-trading] [ient-4-Worker-0] c.e.d.service.AngelOneMarketDataService  : NIFTY = 23350.5
2026-09-11T11:42:33.627+05:30  INFO 16436 --- [nifty-trading] [ient-4-Worker-0] c.e.d.service.AngelOneMarketDataService  : NIFTY = 23350.6
2026-09-11T11:42:33.871+05:30  INFO 16436 --- [nifty-trading] [ient-4-Worker-0] c.e.d.service.AngelOneMarketDataService  : NIFTY = 23350.4
2026-09-11T11:42:34.125+05:30  INFO 16436 --- [nifty-trading] [ient-4-Worker-0] c.e.d.service.AngelOneMarketDataService  : NIFTY = 23351.0
2026-09-11T11:42:34.248+05:30  INFO 16436 --- [nifty-trading] [ient-4-Worker-0] c.e.d.service.AngelOneMarketDataService  : ATM CE = 119.95
2026-09-11T11:42:34.374+05:30  INFO 16436 --- [nifty-trading] [ient-4-Worker-0] c.e.d.service.AngelOneMarketDataService  : NIFTY = 23350.95
2026-09-11T11:42:34.625+05:30  INFO 16436 --- [nifty-trading] [ient-4-Worker-0] c.e.d.service.AngelOneMarketDataService  : NIFTY = 23350.8
2026-09-11T11:42:34.874+05:30  INFO 16436 --- [nifty-trading] [ient-4-Worker-0] c.e.d.service.AngelOneMarketDataService  : NIFTY = 23351.2
2026-09-11T11:42:34.915+05:30  INFO 16436 --- [nifty-trading] [ient-4-Worker-0] c.e.d.service.AngelOneMarketDataService  : ATM CE = 120.15
2026-09-11T11:42:35.125+05:30  INFO 16436 --- [nifty-trading] [ient-4-Worker-0] c.e.d.service.AngelOneMarketDataService  : NIFTY = 23350.7
2026-09-11T11:42:35.247+05:30  INFO 16436 --- [nifty-trading] [ient-4-Worker-0] c.e.d.service.AngelOneMarketDataService  : ATM CE = 120.05
2026-09-11T11:42:35.376+05:30  INFO 16436 --- [nifty-trading] [ient-4-Worker-0] c.e.d.service.AngelOneMarketDataService  : NIFTY = 23350.95
2026-09-11T11:42:35.629+05:30  INFO 16436 --- [nifty-trading] [ient-4-Worker-0] c.e.d.service.AngelOneMarketDataService  : NIFTY = 23350.6
2026-09-11T11:42:35.874+05:30  INFO 16436 --- [nifty-trading] [ient-4-Worker-0] c.e.d.service.AngelOneMarketDataService  : NIFTY = 23350.75
2026-09-11T11:42:36.174+05:30  INFO 16436 --- [nifty-trading] [ient-4-Worker-0] c.e.d.service.AngelOneMarketDataService  : NIFTY = 23350.05
2026-09-11T11:42:36.245+05:30  INFO 16436 --- [nifty-trading] [ient-4-Worker-0] c.e.d.service.AngelOneMarketDataService  : ATM CE = 120.0
2026-09-11T11:42:36.379+05:30  INFO 16436 --- [nifty-trading] [ient-4-Worker-0] c.e.d.service.AngelOneMarketDataService  : NIFTY = 23349.95
2026-09-11T11:42:36.621+05:30  INFO 16436 --- [nifty-trading] [ient-4-Worker-0] c.e.d.service.AngelOneMarketDataService  : NIFTY = 23349.9
2026-09-11T11:42:36.714+05:30  INFO 16436 --- [nifty-trading] [ient-4-Worker-0] c.e.d.service.AngelOneMarketDataService  : ATM CE = 120.4
2026-09-11T11:42:36.871+05:30  INFO 16436 --- [nifty-trading] [ient-4-Worker-0] c.e.d.service.AngelOneMarketDataService  : NIFTY = 23350.3
2026-09-11T11:42:37.127+05:30  INFO 16436 --- [nifty-trading] [ient-4-Worker-0] c.e.d.service.AngelOneMarketDataService  : NIFTY = 23350.25
2026-09-11T11:42:37.251+05:30  INFO 16436 --- [nifty-trading] [ient-4-Worker-0] c.e.d.service.AngelOneMarketDataService  : ATM CE = 119.9
2026-09-11T11:42:37.374+05:30  INFO 16436 --- [nifty-trading] [ient-4-Worker-0] c.e.d.service.AngelOneMarketDataService  : NIFTY = 23350.1
2026-09-11T11:42:37.622+05:30  INFO 16436 --- [nifty-trading] [ient-4-Worker-0] c.e.d.service.AngelOneMarketDataService  : NIFTY = 23350.15
2026-09-11T11:42:37.871+05:30  INFO 16436 --- [nifty-trading] [ient-4-Worker-0] c.e.d.service.AngelOneMarketDataService  : NIFTY = 23349.95
2026-09-11T11:42:38.127+05:30  INFO 16436 --- [nifty-trading] [ient-4-Worker-0] c.e.d.service.AngelOneMarketDataService  : NIFTY = 23349.5
2026-09-11T11:42:38.249+05:30  INFO 16436 --- [nifty-trading] [ient-4-Worker-0] c.e.d.service.AngelOneMarketDataService  : ATM CE = 119.35
2026-09-11T11:42:38.319+05:30  INFO 16436 --- [nifty-trading] [ient-4-Worker-0] c.e.d.service.AngelOneMarketDataService  : ATM CE = 119.7
2026-09-11T11:42:38.376+05:30  INFO 16436 --- [nifty-trading] [ient-4-Worker-0] c.e.d.service.AngelOneMarketDataService  : NIFTY = 23350.1
2026-09-11T11:42:38.630+05:30  INFO 16436 --- [nifty-trading] [ient-4-Worker-0] c.e.d.service.AngelOneMarketDataService  : NIFTY = 23350.3
2026-09-11T11:42:38.892+05:30  INFO 16436 --- [nifty-trading] [ient-4-Worker-0] c.e.d.service.AngelOneMarketDataService  : NIFTY = 23350.15
2026-09-11T11:42:39.126+05:30  INFO 16436 --- [nifty-trading] [ient-4-Worker-0] c.e.d.service.AngelOneMarketDataService  : NIFTY = 23350.1
2026-09-11T11:42:39.251+05:30  INFO 16436 --- [nifty-trading] [ient-4-Worker-0] c.e.d.service.AngelOneMarketDataService  : ATM CE = 119.7
2026-09-11T11:42:39.377+05:30  INFO 16436 --- [nifty-trading] [ient-4-Worker-0] c.e.d.service.AngelOneMarketDataService  : NIFTY = 23350.45
2026-09-11T11:42:39.632+05:30  INFO 16436 --- [nifty-trading] [ient-4-Worker-0] c.e.d.service.AngelOneMarketDataService  : NIFTY = 23350.6
2026-09-11T11:42:39.871+05:30  INFO 16436 --- [nifty-trading] [ient-4-Worker-0] c.e.d.service.AngelOneMarketDataService  : NIFTY = 23350.3
2026-09-11T11:42:39.922+05:30  INFO 16436 --- [nifty-trading] [ient-4-Worker-0] c.e.d.service.AngelOneMarketDataService  : ATM CE = 119.6
2026-09-11T11:42:40.127+05:30  INFO 16436 --- [nifty-trading] [ient-4-Worker-0] c.e.d.service.AngelOneMarketDataService  : NIFTY = 23350.5
2026-09-11T11:42:40.254+05:30  INFO 16436 --- [nifty-trading] [ient-4-Worker-0] c.e.d.service.AngelOneMarketDataService  : ATM CE = 118.75
2026-09-11T11:42:40.372+05:30  INFO 16436 --- [nifty-trading] [ient-4-Worker-0] c.e.d.service.AngelOneMarketDataService  : NIFTY = 23350.15
2026-09-11T11:42:40.888+05:30  INFO 16436 --- [nifty-trading] [ient-4-Worker-0] c.e.d.service.AngelOneMarketDataService  : NIFTY = 23350.2
2026-09-11T11:42:41.171+05:30  INFO 16436 --- [nifty-trading] [ient-4-Worker-0] c.e.d.service.AngelOneMarketDataService  : NIFTY = 23349.65
2026-09-11T11:42:41.252+05:30  INFO 16436 --- [nifty-trading] [ient-4-Worker-0] c.e.d.service.AngelOneMarketDataService  : ATM CE = 118.75
2026-09-11T11:42:41.374+05:30  INFO 16436 --- [nifty-trading] [ient-4-Worker-0] c.e.d.service.AngelOneMarketDataService  : NIFTY = 23349.8
2026-09-11T11:42:41.630+05:30  INFO 16436 --- [nifty-trading] [ient-4-Worker-0] c.e.d.service.AngelOneMarketDataService  : NIFTY = 23349.65
2026-09-11T11:42:41.723+05:30  INFO 16436 --- [nifty-trading] [ient-4-Worker-0] c.e.d.service.AngelOneMarketDataService  : ATM CE = 118.55
2026-09-11T11:42:41.873+05:30  INFO 16436 --- [nifty-trading] [ient-4-Worker-0] c.e.d.service.AngelOneMarketDataService  : NIFTY = 23349.45
2026-09-11T11:42:42.153+05:30  INFO 16436 --- [nifty-trading] [ient-4-Worker-0] c.e.d.service.AngelOneMarketDataService  : NIFTY = 23350.2
2026-09-11T11:42:42.357+05:30  INFO 16436 --- [nifty-trading] [ient-4-Worker-0] c.e.d.service.AngelOneMarketDataService  : ATM CE = 119.15
2026-09-11T11:42:42.358+05:30  INFO 16436 --- [nifty-trading] [ient-4-Worker-0] c.e.d.service.AngelOneMarketDataService  : NIFTY = 23350.2
2026-09-11T11:42:42.358+05:30  INFO 16436 --- [nifty-trading] [ient-4-Worker-0] c.e.d.service.AngelOneMarketDataService  : NIFTY = 23350.2
2026-09-11T11:42:42.358+05:30  INFO 16436 --- [nifty-trading] [ient-4-Worker-0] c.e.d.service.AngelOneMarketDataService  : NIFTY = 23350.2
2026-09-11T11:42:42.358+05:30  INFO 16436 --- [nifty-trading] [ient-4-Worker-0] c.e.d.service.AngelOneMarketDataService  : NIFTY = 23350.2
2026-09-11T11:42:42.359+05:30  INFO 16436 --- [nifty-trading] [ient-4-Worker-0] c.e.d.service.AngelOneMarketDataService  : NIFTY = 23350.2
2026-09-11T11:42:42.359+05:30  INFO 16436 --- [nifty-trading] [ient-4-Worker-0] c.e.d.service.AngelOneMarketDataService  : NIFTY = 23350.2
2026-09-11T11:42:42.359+05:30  INFO 16436 --- [nifty-trading] [ient-4-Worker-0] c.e.d.service.AngelOneMarketDataService  : NIFTY = 23350.2
2026-09-11T11:42:42.373+05:30  INFO 16436 --- [nifty-trading] [ient-4-Worker-0] c.e.d.service.AngelOneMarketDataService  : NIFTY = 23348.9
2026-09-11T11:42:42.634+05:30  INFO 16436 --- [nifty-trading] [ient-4-Worker-0] c.e.d.service.AngelOneMarketDataService  : NIFTY = 23348.7
2026-09-11T11:42:42.974+05:30  INFO 16436 --- [nifty-trading] [ient-4-Worker-0] c.e.d.service.AngelOneMarketDataService  : NIFTY = 23349.0
2026-09-11T11:42:43.129+05:30  INFO 16436 --- [nifty-trading] [ient-4-Worker-0] c.e.d.service.AngelOneMarketDataService  : NIFTY = 23348.9
2026-09-11T11:42:43.180+05:30  INFO 16436 --- [nifty-trading] [ient-4-Worker-0] c.e.d.service.AngelOneMarketDataService  : NIFTY = 23348.9
2026-09-11T11:42:43.180+05:30  INFO 16436 --- [nifty-trading] [ient-4-Worker-0] c.e.d.service.AngelOneMarketDataService  : NIFTY = 23348.9
2026-09-11T11:42:43.180+05:30  INFO 16436 --- [nifty-trading] [ient-4-Worker-0] c.e.d.service.AngelOneMarketDataService  : NIFTY = 23348.9
2026-09-11T11:42:43.180+05:30  INFO 16436 --- [nifty-trading] [ient-4-Worker-0] c.e.d.service.AngelOneMarketDataService  : NIFTY = 23348.9
2026-09-11T11:42:43.180+05:30  INFO 16436 --- [nifty-trading] [ient-4-Worker-0] c.e.d.service.AngelOneMarketDataService  : NIFTY = 23348.9
2026-09-11T11:42:43.180+05:30  INFO 16436 --- [nifty-trading] [ient-4-Worker-0] c.e.d.service.AngelOneMarketDataService  : NIFTY = 23348.9
2026-09-11T11:42:43.182+05:30  INFO 16436 --- [nifty-trading] [ient-4-Worker-0] c.e.d.service.AngelOneMarketDataService  : NIFTY = 23348.9
2026-09-11T11:42:43.256+05:30  INFO 16436 --- [nifty-trading] [ient-4-Worker-0] c.e.d.service.AngelOneMarketDataService  : ATM CE = 119.1
2026-09-11T11:42:43.327+05:30  INFO 16436 --- [nifty-trading] [ient-4-Worker-0] c.e.d.service.AngelOneMarketDataService  : ATM CE = 119.1
2026-09-11T11:42:43.381+05:30  INFO 16436 --- [nifty-trading] [ient-4-Worker-0] c.e.d.service.AngelOneMarketDataService  : NIFTY = 23348.8
2026-09-11T11:42:43.631+05:30  INFO 16436 --- [nifty-trading] [ient-4-Worker-0] c.e.d.service.AngelOneMarketDataService  : NIFTY = 23349.2
2026-09-11T11:42:43.932+05:30  INFO 16436 --- [nifty-trading] [ient-4-Worker-0] c.e.d.service.AngelOneMarketDataService  : NIFTY = 23349.2
2026-09-11T11:42:43.933+05:30  INFO 16436 --- [nifty-trading] [ient-4-Worker-0] c.e.d.service.AngelOneMarketDataService  : NIFTY = 23349.2
2026-09-11T11:42:43.935+05:30  INFO 16436 --- [nifty-trading] [ient-4-Worker-0] c.e.d.service.AngelOneMarketDataService  : NIFTY = 23349.2
2026-09-11T11:42:43.935+05:30  INFO 16436 --- [nifty-trading] [ient-4-Worker-0] c.e.d.service.AngelOneMarketDataService  : NIFTY = 23349.2
2026-09-11T11:42:43.935+05:30  INFO 16436 --- [nifty-trading] [ient-4-Worker-0] c.e.d.service.AngelOneMarketDataService  : NIFTY = 23349.2
2026-09-11T11:42:43.935+05:30  INFO 16436 --- [nifty-trading] [ient-4-Worker-0] c.e.d.service.AngelOneMarketDataService  : NIFTY = 23349.2
2026-09-11T11:42:43.955+05:30  INFO 16436 --- [nifty-trading] [ient-4-Worker-0] c.e.d.service.AngelOneMarketDataService  : NIFTY = 23349.2
2026-09-11T11:42:44.127+05:30  INFO 16436 --- [nifty-trading] [ient-4-Worker-0] c.e.d.service.AngelOneMarketDataService  : NIFTY = 23349.55
2026-09-11T11:42:44.255+05:30  INFO 16436 --- [nifty-trading] [ient-4-Worker-0] c.e.d.service.AngelOneMarketDataService  : ATM CE = 118.8
2026-09-11T11:42:44.378+05:30  INFO 16436 --- [nifty-trading] [ient-4-Worker-0] c.e.d.service.AngelOneMarketDataService  : NIFTY = 23349.7
2026-09-11T11:42:44.634+05:30  INFO 16436 --- [nifty-trading] [ient-4-Worker-0] c.e.d.service.AngelOneMarketDataService  : NIFTY = 23349.8
2026-09-11T11:42:44.771+05:30  INFO 16436 --- [nifty-trading] [ient-4-Worker-0] c.e.d.service.AngelOneMarketDataService  : NIFTY = 23349.8
2026-09-11T11:42:44.771+05:30  INFO 16436 --- [nifty-trading] [ient-4-Worker-0] c.e.d.service.AngelOneMarketDataService  : NIFTY = 23349.8
2026-09-11T11:42:44.775+05:30  INFO 16436 --- [nifty-trading] [ient-4-Worker-0] c.e.d.service.AngelOneMarketDataService  : NIFTY = 23349.8
2026-09-11T11:42:44.775+05:30  INFO 16436 --- [nifty-trading] [ient-4-Worker-0] c.e.d.service.AngelOneMarketDataService  : NIFTY = 23349.8
2026-09-11T11:42:44.807+05:30  INFO 16436 --- [nifty-trading] [ient-4-Worker-0] c.e.d.service.AngelOneMarketDataService  : NIFTY = 23349.8
2026-09-11T11:42:44.807+05:30  INFO 16436 --- [nifty-trading] [ient-4-Worker-0] c.e.d.service.AngelOneMarketDataService  : NIFTY = 23349.8
2026-09-11T11:42:44.807+05:30  INFO 16436 --- [nifty-trading] [ient-4-Worker-0] c.e.d.service.AngelOneMarketDataService  : NIFTY = 23349.8
2026-09-11T11:42:44.883+05:30  INFO 16436 --- [nifty-trading] [ient-4-Worker-0] c.e.d.service.AngelOneMarketDataService  : NIFTY = 23350.1
2026-09-11T11:42:44.927+05:30  INFO 16436 --- [nifty-trading] [ient-4-Worker-0] c.e.d.service.AngelOneMarketDataService  : ATM CE = 119.0
2026-09-11T11:42:45.132+05:30  INFO 16436 --- [nifty-trading] [ient-4-Worker-0] c.e.d.service.AngelOneMarketDataService  : NIFTY = 23349.8
2026-09-11T11:42:45.380+05:30  INFO 16436 --- [nifty-trading] [ient-4-Worker-0] c.e.d.service.AngelOneMarketDataService  : ATM CE = 119.1
2026-09-11T11:42:45.380+05:30  INFO 16436 --- [nifty-trading] [ient-4-Worker-0] c.e.d.service.AngelOneMarketDataService  : NIFTY = 23349.65
2026-09-11T11:42:45.686+05:30  INFO 16436 --- [nifty-trading] [ient-4-Worker-0] c.e.d.service.AngelOneMarketDataService  : NIFTY = 23349.9
2026-09-11T11:42:45.688+05:30  INFO 16436 --- [nifty-trading] [ient-4-Worker-0] c.e.d.service.AngelOneMarketDataService  : NIFTY = 23349.9
2026-09-11T11:42:45.688+05:30  INFO 16436 --- [nifty-trading] [ient-4-Worker-0] c.e.d.service.AngelOneMarketDataService  : NIFTY = 23349.9
2026-09-11T11:42:45.688+05:30  INFO 16436 --- [nifty-trading] [ient-4-Worker-0] c.e.d.service.AngelOneMarketDataService  : NIFTY = 23349.9
2026-09-11T11:42:45.688+05:30  INFO 16436 --- [nifty-trading] [ient-4-Worker-0] c.e.d.service.AngelOneMarketDataService  : NIFTY = 23349.9
2026-09-11T11:42:45.688+05:30  INFO 16436 --- [nifty-trading] [ient-4-Worker-0] c.e.d.service.AngelOneMarketDataService  : NIFTY = 23349.9
2026-09-11T11:42:45.688+05:30  INFO 16436 --- [nifty-trading] [ient-4-Worker-0] c.e.d.service.AngelOneMarketDataService  : NIFTY = 23349.9
2026-09-11T11:42:45.695+05:30  INFO 16436 --- [nifty-trading] [ient-4-Worker-0] c.e.d.service.AngelOneMarketDataService  : NIFTY = 23349.9
2026-09-11T11:42:45.876+05:30  INFO 16436 --- [nifty-trading] [ient-4-Worker-0] c.e.d.service.AngelOneMarketDataService  : NIFTY = 23350.5
2026-09-11T11:42:46.128+05:30  INFO 16436 --- [nifty-trading] [ient-4-Worker-0] c.e.d.service.AngelOneMarketDataService  : NIFTY = 23349.75
2026-09-11T11:42:46.264+05:30  INFO 16436 --- [nifty-trading] [ient-4-Worker-0] c.e.d.service.AngelOneMarketDataService  : ATM CE = 119.25
2026-09-11T11:42:46.377+05:30  INFO 16436 --- [nifty-trading] [ient-4-Worker-0] c.e.d.service.AngelOneMarketDataService  : NIFTY = 23349.65
2026-09-11T11:42:46.387+05:30  INFO 16436 --- [nifty-trading] [ient-4-Worker-0] c.e.d.service.AngelOneMarketDataService  : NIFTY = 23349.65
2026-09-11T11:42:46.388+05:30  INFO 16436 --- [nifty-trading] [ient-4-Worker-0] c.e.d.service.AngelOneMarketDataService  : NIFTY = 23349.65
2026-09-11T11:42:46.388+05:30  INFO 16436 --- [nifty-trading] [ient-4-Worker-0] c.e.d.service.AngelOneMarketDataService  : NIFTY = 23349.65
2026-09-11T11:42:46.395+05:30  INFO 16436 --- [nifty-trading] [ient-4-Worker-0] c.e.d.service.AngelOneMarketDataService  : NIFTY = 23349.65
2026-09-11T11:42:46.395+05:30  INFO 16436 --- [nifty-trading] [ient-4-Worker-0] c.e.d.service.AngelOneMarketDataService  : NIFTY = 23349.65
2026-09-11T11:42:46.395+05:30  INFO 16436 --- [nifty-trading] [ient-4-Worker-0] c.e.d.service.AngelOneMarketDataService  : NIFTY = 23349.65
2026-09-11T11:42:46.395+05:30  INFO 16436 --- [nifty-trading] [ient-4-Worker-0] c.e.d.service.AngelOneMarketDataService  : NIFTY = 23349.65
2026-09-11T11:42:46.528+05:30  INFO 16436 --- [nifty-trading] [ient-4-Worker-0] c.e.d.service.AngelOneMarketDataService  : ATM CE = 119.2
2026-09-11T11:42:46.621+05:30  INFO 16436 --- [nifty-trading] [ient-4-Worker-0] c.e.d.service.AngelOneMarketDataService  : NIFTY = 23349.65
2026-09-11T11:42:46.879+05:30  INFO 16436 --- [nifty-trading] [ient-4-Worker-0] c.e.d.service.AngelOneMarketDataService  : NIFTY = 23349.5
2026-09-11T11:42:47.124+05:30  INFO 16436 --- [nifty-trading] [ient-4-Worker-0] c.e.d.service.AngelOneMarketDataService  : NIFTY = 23349.5
2026-09-11T11:42:47.124+05:30  INFO 16436 --- [nifty-trading] [ient-4-Worker-0] c.e.d.service.AngelOneMarketDataService  : NIFTY = 23349.5
2026-09-11T11:42:47.124+05:30  INFO 16436 --- [nifty-trading] [ient-4-Worker-0] c.e.d.service.AngelOneMarketDataService  : NIFTY = 23349.5
2026-09-11T11:42:47.124+05:30  INFO 16436 --- [nifty-trading] [ient-4-Worker-0] c.e.d.service.AngelOneMarketDataService  : NIFTY = 23349.5
2026-09-11T11:42:47.127+05:30  INFO 16436 --- [nifty-trading] [ient-4-Worker-0] c.e.d.service.AngelOneMarketDataService  : NIFTY = 23349.5
2026-09-11T11:42:47.128+05:30  INFO 16436 --- [nifty-trading] [ient-4-Worker-0] c.e.d.service.AngelOneMarketDataService  : NIFTY = 23349.5
2026-09-11T11:42:47.128+05:30  INFO 16436 --- [nifty-trading] [ient-4-Worker-0] c.e.d.service.AngelOneMarketDataService  : NIFTY = 23349.5
2026-09-11T11:42:47.128+05:30  INFO 16436 --- [nifty-trading] [ient-4-Worker-0] c.e.d.service.AngelOneMarketDataService  : NIFTY = 23349.55
2026-09-11T11:42:47.299+05:30  INFO 16436 --- [nifty-trading] [ient-4-Worker-0] c.e.d.service.AngelOneMarketDataService  : ATM CE = 118.7
2026-09-11T11:42:47.372+05:30  INFO 16436 --- [nifty-trading] [ient-4-Worker-0] c.e.d.service.AngelOneMarketDataService  : NIFTY = 23349.45
2026-09-11T11:42:47.610+05:30  INFO 16436 --- [nifty-trading] [ient-4-Worker-0] c.e.d.service.AngelOneMarketDataService  : NIFTY = 23349.45
2026-09-11T11:42:47.610+05:30  INFO 16436 --- [nifty-trading] [ient-4-Worker-0] c.e.d.service.AngelOneMarketDataService  : NIFTY = 23349.45
2026-09-11T11:42:47.610+05:30  INFO 16436 --- [nifty-trading] [ient-4-Worker-0] c.e.d.service.AngelOneMarketDataService  : NIFTY = 23349.45
2026-09-11T11:42:47.610+05:30  INFO 16436 --- [nifty-trading] [ient-4-Worker-0] c.e.d.service.AngelOneMarketDataService  : NIFTY = 23349.45
2026-09-11T11:42:47.610+05:30  INFO 16436 --- [nifty-trading] [ient-4-Worker-0] c.e.d.service.AngelOneMarketDataService  : NIFTY = 23349.45
2026-09-11T11:42:47.611+05:30  INFO 16436 --- [nifty-trading] [ient-4-Worker-0] c.e.d.service.AngelOneMarketDataService  : NIFTY = 23349.45
2026-09-11T11:42:47.617+05:30  INFO 16436 --- [nifty-trading] [ient-4-Worker-0] c.e.d.service.AngelOneMarketDataService  : NIFTY = 23349.45
2026-09-11T11:42:47.632+05:30  INFO 16436 --- [nifty-trading] [ient-4-Worker-0] c.e.d.service.AngelOneMarketDataService  : NIFTY = 23349.9
2026-09-11T11:42:47.878+05:30  INFO 16436 --- [nifty-trading] [ient-4-Worker-0] c.e.d.service.AngelOneMarketDataService  : NIFTY = 23350.05
2026-09-11T11:42:47.970+05:30  INFO 16436 --- [nifty-trading] [ient-4-Worker-0] c.e.d.service.AngelOneMarketDataService  : NIFTY = 23350.05
2026-09-11T11:42:47.971+05:30  INFO 16436 --- [nifty-trading] [ient-4-Worker-0] c.e.d.service.AngelOneMarketDataService  : NIFTY = 23350.05
2026-09-11T11:42:47.971+05:30  INFO 16436 --- [nifty-trading] [ient-4-Worker-0] c.e.d.service.AngelOneMarketDataService  : NIFTY = 23350.05
2026-09-11T11:42:47.972+05:30  INFO 16436 --- [nifty-trading] [ient-4-Worker-0] c.e.d.service.AngelOneMarketDataService  : NIFTY = 23350.05
2026-09-11T11:42:47.972+05:30  INFO 16436 --- [nifty-trading] [ient-4-Worker-0] c.e.d.service.AngelOneMarketDataService  : NIFTY = 23350.05
2026-09-11T11:42:47.972+05:30  INFO 16436 --- [nifty-trading] [ient-4-Worker-0] c.e.d.service.AngelOneMarketDataService  : NIFTY = 23350.05
2026-09-11T11:42:47.973+05:30  INFO 16436 --- [nifty-trading] [ient-4-Worker-0] c.e.d.service.AngelOneMarketDataService  : NIFTY = 23350.05
2026-09-11T11:42:48.126+05:30  INFO 16436 --- [nifty-trading] [ient-4-Worker-0] c.e.d.service.AngelOneMarketDataService  : NIFTY = 23350.1
2026-09-11T11:42:48.146+05:30  INFO 16436 --- [nifty-trading] [ient-4-Worker-0] c.e.d.service.AngelOneMarketDataService  : ATM CE = 119.3
2026-09-11T11:42:48.302+05:30  INFO 16436 --- [nifty-trading] [ient-4-Worker-0] c.e.d.service.AngelOneMarketDataService  : ATM CE = 119.15
2026-09-11T11:42:48.372+05:30  INFO 16436 --- [nifty-trading] [ient-4-Worker-0] c.e.d.service.AngelOneMarketDataService  : NIFTY = 23349.9
2026-09-11T11:42:48.490+05:30  INFO 16436 --- [nifty-trading] [ient-4-Worker-0] c.e.d.service.AngelOneMarketDataService  : NIFTY = 23349.9
2026-09-11T11:42:48.490+05:30  INFO 16436 --- [nifty-trading] [ient-4-Worker-0] c.e.d.service.AngelOneMarketDataService  : NIFTY = 23349.9
2026-09-11T11:42:48.490+05:30  INFO 16436 --- [nifty-trading] [ient-4-Worker-0] c.e.d.service.AngelOneMarketDataService  : NIFTY = 23349.9
2026-09-11T11:42:48.490+05:30  INFO 16436 --- [nifty-trading] [ient-4-Worker-0] c.e.d.service.AngelOneMarketDataService  : NIFTY = 23349.9
2026-09-11T11:42:48.490+05:30  INFO 16436 --- [nifty-trading] [ient-4-Worker-0] c.e.d.service.AngelOneMarketDataService  : NIFTY = 23349.9
2026-09-11T11:42:48.490+05:30  INFO 16436 --- [nifty-trading] [ient-4-Worker-0] c.e.d.service.AngelOneMarketDataService  : NIFTY = 23349.9
2026-09-11T11:42:48.490+05:30  INFO 16436 --- [nifty-trading] [ient-4-Worker-0] c.e.d.service.AngelOneMarketDataService  : NIFTY = 23349.9
2026-09-11T11:42:48.622+05:30  INFO 16436 --- [nifty-trading] [ient-4-Worker-0] c.e.d.service.AngelOneMarketDataService  : NIFTY = 23350.05
2026-09-11T11:42:48.876+05:30  INFO 16436 --- [nifty-trading] [ient-4-Worker-0] c.e.d.service.AngelOneMarketDataService  : NIFTY = 23349.5
2026-09-11T11:42:49.070+05:30  INFO 16436 --- [nifty-trading] [ient-4-Worker-0] c.e.d.service.AngelOneMarketDataService  : NIFTY = 23349.5
2026-09-11T11:42:49.078+05:30  INFO 16436 --- [nifty-trading] [ient-4-Worker-0] c.e.d.service.AngelOneMarketDataService  : NIFTY = 23349.5
2026-09-11T11:42:49.078+05:30  INFO 16436 --- [nifty-trading] [ient-4-Worker-0] c.e.d.service.AngelOneMarketDataService  : NIFTY = 23349.5
2026-09-11T11:42:49.078+05:30  INFO 16436 --- [nifty-trading] [ient-4-Worker-0] c.e.d.service.AngelOneMarketDataService  : NIFTY = 23349.5
2026-09-11T11:42:49.078+05:30  INFO 16436 --- [nifty-trading] [ient-4-Worker-0] c.e.d.service.AngelOneMarketDataService  : NIFTY = 23349.5
2026-09-11T11:42:49.078+05:30  INFO 16436 --- [nifty-trading] [ient-4-Worker-0] c.e.d.service.AngelOneMarketDataService  : NIFTY = 23349.5
2026-09-11T11:42:49.090+05:30  INFO 16436 --- [nifty-trading] [ient-4-Worker-0] c.e.d.service.AngelOneMarketDataService  : NIFTY = 23349.5
2026-09-11T11:42:49.122+05:30  INFO 16436 --- [nifty-trading] [ient-4-Worker-0] c.e.d.service.AngelOneMarketDataService  : NIFTY = 23349.45
2026-09-11T11:42:49.255+05:30  INFO 16436 --- [nifty-trading] [ient-4-Worker-0] c.e.d.service.AngelOneMarketDataService  : ATM CE = 118.9
2026-09-11T11:42:49.371+05:30  INFO 16436 --- [nifty-trading] [ient-4-Worker-0] c.e.d.service.AngelOneMarketDataService  : NIFTY = 23349.6
2026-09-11T11:42:49.624+05:30  INFO 16436 --- [nifty-trading] [ient-4-Worker-0] c.e.d.service.AngelOneMarketDataService  : NIFTY = 23349.5
2026-09-11T11:42:49.773+05:30  INFO 16436 --- [nifty-trading] [ient-4-Worker-0] c.e.d.service.AngelOneMarketDataService  : NIFTY = 23349.5
2026-09-11T11:42:49.773+05:30  INFO 16436 --- [nifty-trading] [ient-4-Worker-0] c.e.d.service.AngelOneMarketDataService  : NIFTY = 23349.5
2026-09-11T11:42:49.773+05:30  INFO 16436 --- [nifty-trading] [ient-4-Worker-0] c.e.d.service.AngelOneMarketDataService  : NIFTY = 23349.5
2026-09-11T11:42:49.783+05:30  INFO 16436 --- [nifty-trading] [ient-4-Worker-0] c.e.d.service.AngelOneMarketDataService  : NIFTY = 23349.5
2026-09-11T11:42:49.784+05:30  INFO 16436 --- [nifty-trading] [ient-4-Worker-0] c.e.d.service.AngelOneMarketDataService  : NIFTY = 23349.5
2026-09-11T11:42:49.784+05:30  INFO 16436 --- [nifty-trading] [ient-4-Worker-0] c.e.d.service.AngelOneMarketDataService  : NIFTY = 23349.5
2026-09-11T11:42:49.784+05:30  INFO 16436 --- [nifty-trading] [ient-4-Worker-0] c.e.d.service.AngelOneMarketDataService  : NIFTY = 23349.5
2026-09-11T11:42:49.878+05:30  INFO 16436 --- [nifty-trading] [ient-4-Worker-0] c.e.d.service.AngelOneMarketDataService  : NIFTY = 23348.8
2026-09-11T11:42:49.932+05:30  INFO 16436 --- [nifty-trading] [ient-4-Worker-0] c.e.d.service.AngelOneMarketDataService  : ATM CE = 118.4
2026-09-11T11:42:50.128+05:30  INFO 16436 --- [nifty-trading] [ient-4-Worker-0] c.e.d.service.AngelOneMarketDataService  : NIFTY = 23348.35
2026-09-11T11:42:50.262+05:30  INFO 16436 --- [nifty-trading] [ient-4-Worker-0] c.e.d.service.AngelOneMarketDataService  : ATM CE = 118.7
2026-09-11T11:42:50.371+05:30  INFO 16436 --- [nifty-trading] [ient-4-Worker-0] c.e.d.service.AngelOneMarketDataService  : NIFTY = 23348.15
2026-09-11T11:42:50.626+05:30  INFO 16436 --- [nifty-trading] [ient-4-Worker-0] c.e.d.service.AngelOneMarketDataService  : NIFTY = 23348.65
2026-09-11T11:42:50.701+05:30  INFO 16436 --- [nifty-trading] [ient-4-Worker-0] c.e.d.service.AngelOneMarketDataService  : NIFTY = 23348.65
2026-09-11T11:42:50.703+05:30  INFO 16436 --- [nifty-trading] [ient-4-Worker-0] c.e.d.service.AngelOneMarketDataService  : NIFTY = 23348.65
2026-09-11T11:42:50.704+05:30  INFO 16436 --- [nifty-trading] [ient-4-Worker-0] c.e.d.service.AngelOneMarketDataService  : NIFTY = 23348.65
2026-09-11T11:42:50.704+05:30  INFO 16436 --- [nifty-trading] [ient-4-Worker-0] c.e.d.service.AngelOneMarketDataService  : NIFTY = 23348.65
2026-09-11T11:42:50.704+05:30  INFO 16436 --- [nifty-trading] [ient-4-Worker-0] c.e.d.service.AngelOneMarketDataService  : NIFTY = 23348.65
2026-09-11T11:42:50.704+05:30  INFO 16436 --- [nifty-trading] [ient-4-Worker-0] c.e.d.service.AngelOneMarketDataService  : NIFTY = 23348.65
2026-09-11T11:42:50.704+05:30  INFO 16436 --- [nifty-trading] [ient-4-Worker-0] c.e.d.service.AngelOneMarketDataService  : NIFTY = 23348.65
2026-09-11T11:42:50.876+05:30  INFO 16436 --- [nifty-trading] [ient-4-Worker-0] c.e.d.service.AngelOneMarketDataService  : NIFTY = 23348.6
2026-09-11T11:42:51.121+05:30  INFO 16436 --- [nifty-trading] [ient-4-Worker-0] c.e.d.service.AngelOneMarketDataService  : NIFTY = 23348.7
2026-09-11T11:42:51.264+05:30  INFO 16436 --- [nifty-trading] [ient-4-Worker-0] c.e.d.service.AngelOneMarketDataService  : ATM CE = 118.9
2026-09-11T11:42:51.387+05:30  INFO 16436 --- [nifty-trading] [ient-4-Worker-0] c.e.d.service.AngelOneMarketDataService  : NIFTY = 23349.1
2026-09-11T11:42:51.396+05:30  INFO 16436 --- [nifty-trading] [ient-4-Worker-0] c.e.d.service.AngelOneMarketDataService  : NIFTY = 23349.1
2026-09-11T11:42:51.397+05:30  INFO 16436 --- [nifty-trading] [ient-4-Worker-0] c.e.d.service.AngelOneMarketDataService  : NIFTY = 23349.1
2026-09-11T11:42:51.397+05:30  INFO 16436 --- [nifty-trading] [ient-4-Worker-0] c.e.d.service.AngelOneMarketDataService  : NIFTY = 23349.1
2026-09-11T11:42:51.406+05:30  INFO 16436 --- [nifty-trading] [ient-4-Worker-0] c.e.d.service.AngelOneMarketDataService  : NIFTY = 23349.1
2026-09-11T11:42:51.406+05:30  INFO 16436 --- [nifty-trading] [ient-4-Worker-0] c.e.d.service.AngelOneMarketDataService  : NIFTY = 23349.1
2026-09-11T11:42:51.407+05:30  INFO 16436 --- [nifty-trading] [ient-4-Worker-0] c.e.d.service.AngelOneMarketDataService  : NIFTY = 23349.1
2026-09-11T11:42:51.407+05:30  INFO 16436 --- [nifty-trading] [ient-4-Worker-0] c.e.d.service.AngelOneMarketDataService  : NIFTY = 23349.1
2026-09-11T11:42:51.544+05:30  INFO 16436 --- [nifty-trading] [ient-4-Worker-0] c.e.d.service.AngelOneMarketDataService  : ATM CE = 119.2
2026-09-11T11:42:51.623+05:30  INFO 16436 --- [nifty-trading] [ient-4-Worker-0] c.e.d.service.AngelOneMarketDataService  : NIFTY = 23348.4
2026-09-11T11:42:51.878+05:30  INFO 16436 --- [nifty-trading] [ient-4-Worker-0] c.e.d.service.AngelOneMarketDataService  : NIFTY = 23348.45
2026-09-11T11:42:52.083+05:30  INFO 16436 --- [nifty-trading] [ient-4-Worker-0] c.e.d.service.AngelOneMarketDataService  : NIFTY = 23348.45
2026-09-11T11:42:52.083+05:30  INFO 16436 --- [nifty-trading] [ient-4-Worker-0] c.e.d.service.AngelOneMarketDataService  : NIFTY = 23348.45
2026-09-11T11:42:52.084+05:30  INFO 16436 --- [nifty-trading] [ient-4-Worker-0] c.e.d.service.AngelOneMarketDataService  : NIFTY = 23348.45
2026-09-11T11:42:52.085+05:30  INFO 16436 --- [nifty-trading] [ient-4-Worker-0] c.e.d.service.AngelOneMarketDataService  : NIFTY = 23348.45
2026-09-11T11:42:52.086+05:30  INFO 16436 --- [nifty-trading] [ient-4-Worker-0] c.e.d.service.AngelOneMarketDataService  : NIFTY = 23348.45
2026-09-11T11:42:52.088+05:30  INFO 16436 --- [nifty-trading] [ient-4-Worker-0] c.e.d.service.AngelOneMarketDataService  : NIFTY = 23348.45
2026-09-11T11:42:52.090+05:30  INFO 16436 --- [nifty-trading] [ient-4-Worker-0] c.e.d.service.AngelOneMarketDataService  : NIFTY = 23348.45
2026-09-11T11:42:52.131+05:30  INFO 16436 --- [nifty-trading] [ient-4-Worker-0] c.e.d.service.AngelOneMarketDataService  : NIFTY = 23348.5
2026-09-11T11:42:52.381+05:30  INFO 16436 --- [nifty-trading] [ient-4-Worker-0] c.e.d.service.AngelOneMarketDataService  : ATM CE = 119.0
2026-09-11T11:42:52.382+05:30  INFO 16436 --- [nifty-trading] [ient-4-Worker-0] c.e.d.service.AngelOneMarketDataService  : NIFTY = 23348.35
2026-09-11T11:42:52.630+05:30  INFO 16436 --- [nifty-trading] [ient-4-Worker-0] c.e.d.service.AngelOneMarketDataService  : NIFTY = 23347.9
2026-09-11T11:42:52.797+05:30  INFO 16436 --- [nifty-trading] [ient-4-Worker-0] c.e.d.service.AngelOneMarketDataService  : NIFTY = 23347.9
2026-09-11T11:42:52.797+05:30  INFO 16436 --- [nifty-trading] [ient-4-Worker-0] c.e.d.service.AngelOneMarketDataService  : NIFTY = 23347.9
2026-09-11T11:42:52.806+05:30  INFO 16436 --- [nifty-trading] [ient-4-Worker-0] c.e.d.service.AngelOneMarketDataService  : NIFTY = 23347.9
2026-09-11T11:42:52.806+05:30  INFO 16436 --- [nifty-trading] [ient-4-Worker-0] c.e.d.service.AngelOneMarketDataService  : NIFTY = 23347.9
2026-09-11T11:42:52.806+05:30  INFO 16436 --- [nifty-trading] [ient-4-Worker-0] c.e.d.service.AngelOneMarketDataService  : NIFTY = 23347.9
2026-09-11T11:42:52.806+05:30  INFO 16436 --- [nifty-trading] [ient-4-Worker-0] c.e.d.service.AngelOneMarketDataService  : NIFTY = 23347.9
2026-09-11T11:42:52.806+05:30  INFO 16436 --- [nifty-trading] [ient-4-Worker-0] c.e.d.service.AngelOneMarketDataService  : NIFTY = 23347.9
2026-09-11T11:42:52.879+05:30  INFO 16436 --- [nifty-trading] [ient-4-Worker-0] c.e.d.service.AngelOneMarketDataService  : NIFTY = 23348.55
2026-09-11T11:42:53.127+05:30  INFO 16436 --- [nifty-trading] [ient-4-Worker-0] c.e.d.service.AngelOneMarketDataService  : NIFTY = 23347.5
2026-09-11T11:42:53.149+05:30  INFO 16436 --- [nifty-trading] [ient-4-Worker-0] c.e.d.service.AngelOneMarketDataService  : ATM CE = 119.05
2026-09-11T11:42:53.383+05:30  INFO 16436 --- [nifty-trading] [ient-4-Worker-0] c.e.d.service.AngelOneMarketDataService  : ATM CE = 119.45
2026-09-11T11:42:53.383+05:30  INFO 16436 --- [nifty-trading] [ient-4-Worker-0] c.e.d.service.AngelOneMarketDataService  : NIFTY = 23347.35
2026-09-11T11:42:53.406+05:30  INFO 16436 --- [nifty-trading] [ient-4-Worker-0] c.e.d.service.AngelOneMarketDataService  : NIFTY = 23347.35
2026-09-11T11:42:53.406+05:30  INFO 16436 --- [nifty-trading] [ient-4-Worker-0] c.e.d.service.AngelOneMarketDataService  : NIFTY = 23347.35
2026-09-11T11:42:53.406+05:30  INFO 16436 --- [nifty-trading] [ient-4-Worker-0] c.e.d.service.AngelOneMarketDataService  : NIFTY = 23347.35
2026-09-11T11:42:53.411+05:30  INFO 16436 --- [nifty-trading] [ient-4-Worker-0] c.e.d.service.AngelOneMarketDataService  : NIFTY = 23347.35
2026-09-11T11:42:53.412+05:30  INFO 16436 --- [nifty-trading] [ient-4-Worker-0] c.e.d.service.AngelOneMarketDataService  : NIFTY = 23347.35
2026-09-11T11:42:53.412+05:30  INFO 16436 --- [nifty-trading] [ient-4-Worker-0] c.e.d.service.AngelOneMarketDataService  : NIFTY = 23347.35
2026-09-11T11:42:53.412+05:30  INFO 16436 --- [nifty-trading] [ient-4-Worker-0] c.e.d.service.AngelOneMarketDataService  : NIFTY = 23347.35
2026-09-11T11:42:53.623+05:30  INFO 16436 --- [nifty-trading] [ient-4-Worker-0] c.e.d.service.AngelOneMarketDataService  : NIFTY = 23346.9
2026-09-11T11:42:53.877+05:30  INFO 16436 --- [nifty-trading] [ient-4-Worker-0] c.e.d.service.AngelOneMarketDataService  : NIFTY = 23347.7
2026-09-11T11:42:54.122+05:30  INFO 16436 --- [nifty-trading] [ient-4-Worker-0] c.e.d.service.AngelOneMarketDataService  : NIFTY = 23348.15
2026-09-11T11:42:54.179+05:30  INFO 16436 --- [nifty-trading] [ient-4-Worker-0] c.e.d.service.AngelOneMarketDataService  : NIFTY = 23348.15
2026-09-11T11:42:54.180+05:30  INFO 16436 --- [nifty-trading] [ient-4-Worker-0] c.e.d.service.AngelOneMarketDataService  : NIFTY = 23348.15
2026-09-11T11:42:54.180+05:30  INFO 16436 --- [nifty-trading] [ient-4-Worker-0] c.e.d.service.AngelOneMarketDataService  : NIFTY = 23348.15
2026-09-11T11:42:54.180+05:30  INFO 16436 --- [nifty-trading] [ient-4-Worker-0] c.e.d.service.AngelOneMarketDataService  : NIFTY = 23348.15
2026-09-11T11:42:54.180+05:30  INFO 16436 --- [nifty-trading] [ient-4-Worker-0] c.e.d.service.AngelOneMarketDataService  : NIFTY = 23348.15
2026-09-11T11:42:54.180+05:30  INFO 16436 --- [nifty-trading] [ient-4-Worker-0] c.e.d.service.AngelOneMarketDataService  : NIFTY = 23348.15
2026-09-11T11:42:54.212+05:30  INFO 16436 --- [nifty-trading] [ient-4-Worker-0] c.e.d.service.AngelOneMarketDataService  : NIFTY = 23348.15
2026-09-11T11:42:54.383+05:30  INFO 16436 --- [nifty-trading] [ient-4-Worker-0] c.e.d.service.AngelOneMarketDataService  : ATM CE = 119.15
2026-09-11T11:42:54.383+05:30  INFO 16436 --- [nifty-trading] [ient-4-Worker-0] c.e.d.service.AngelOneMarketDataService  : NIFTY = 23348.6
2026-09-11T11:42:54.623+05:30  INFO 16436 --- [nifty-trading] [ient-4-Worker-0] c.e.d.service.AngelOneMarketDataService  : NIFTY = 23347.65
2026-09-11T11:42:54.751+05:30  INFO 16436 --- [nifty-trading] [ient-4-Worker-0] c.e.d.service.AngelOneMarketDataService  : ATM CE = 118.7
2026-09-11T11:42:54.877+05:30  INFO 16436 --- [nifty-trading] [ient-4-Worker-0] c.e.d.service.AngelOneMarketDataService  : NIFTY = 23347.5
2026-09-11T11:42:55.137+05:30  INFO 16436 --- [nifty-trading] [ient-4-Worker-0] c.e.d.service.AngelOneMarketDataService  : NIFTY = 23347.55
2026-09-11T11:42:55.264+05:30  INFO 16436 --- [nifty-trading] [ient-4-Worker-0] c.e.d.service.AngelOneMarketDataService  : ATM CE = 118.35
2026-09-11T11:42:55.383+05:30  INFO 16436 --- [nifty-trading] [ient-4-Worker-0] c.e.d.service.AngelOneMarketDataService  : NIFTY = 23347.45
2026-09-11T11:42:55.668+05:30  INFO 16436 --- [nifty-trading] [ient-4-Worker-0] c.e.d.service.AngelOneMarketDataService  : NIFTY = 23347.7
2026-09-11T11:42:55.877+05:30  INFO 16436 --- [nifty-trading] [ient-4-Worker-0] c.e.d.service.AngelOneMarketDataService  : NIFTY = 23347.85
2026-09-11T11:42:56.155+05:30  INFO 16436 --- [nifty-trading] [ient-4-Worker-0] c.e.d.service.AngelOneMarketDataService  : NIFTY = 23347.6
2026-09-11T11:42:56.467+05:30  INFO 16436 --- [nifty-trading] [ient-4-Worker-0] c.e.d.service.AngelOneMarketDataService  : ATM CE = 117.75
2026-09-11T11:42:56.549+05:30  INFO 16436 --- [nifty-trading] [ient-4-Worker-0] c.e.d.service.AngelOneMarketDataService  : ATM CE = 118.3
2026-09-11T11:42:56.624+05:30  INFO 16436 --- [nifty-trading] [ient-4-Worker-0] c.e.d.service.AngelOneMarketDataService  : NIFTY = 23347.4
2026-09-11T11:42:56.879+05:30  INFO 16436 --- [nifty-trading] [ient-4-Worker-0] c.e.d.service.AngelOneMarketDataService  : NIFTY = 23347.45
2026-09-11T11:42:57.130+05:30  INFO 16436 --- [nifty-trading] [ient-4-Worker-0] c.e.d.service.AngelOneMarketDataService  : NIFTY = 23347.35
2026-09-11T11:42:57.376+05:30  INFO 16436 --- [nifty-trading] [ient-4-Worker-0] c.e.d.service.AngelOneMarketDataService  : ATM CE = 118.1
2026-09-11T11:42:57.376+05:30  INFO 16436 --- [nifty-trading] [ient-4-Worker-0] c.e.d.service.AngelOneMarketDataService  : NIFTY = 23347.85
2026-09-11T11:42:57.620+05:30  INFO 16436 --- [nifty-trading] [ient-4-Worker-0] c.e.d.service.AngelOneMarketDataService  : NIFTY = 23347.65
2026-09-11T11:42:58.124+05:30  INFO 16436 --- [nifty-trading] [ient-4-Worker-0] c.e.d.service.AngelOneMarketDataService  : NIFTY = 23347.15
2026-09-11T11:42:58.156+05:30  INFO 16436 --- [nifty-trading] [ient-4-Worker-0] c.e.d.service.AngelOneMarketDataService  : ATM CE = 118.05
2026-09-11T11:42:58.264+05:30  INFO 16436 --- [nifty-trading] [ient-4-Worker-0] c.e.d.service.AngelOneMarketDataService  : ATM CE = 117.7
2026-09-11T11:42:58.370+05:30  INFO 16436 --- [nifty-trading] [ient-4-Worker-0] c.e.d.service.AngelOneMarketDataService  : NIFTY = 23347.1
2026-09-11T11:42:58.628+05:30  INFO 16436 --- [nifty-trading] [ient-4-Worker-0] c.e.d.service.AngelOneMarketDataService  : NIFTY = 23347.65
2026-09-11T11:42:58.882+05:30  INFO 16436 --- [nifty-trading] [ient-4-Worker-0] c.e.d.service.AngelOneMarketDataService  : NIFTY = 23347.25
2026-09-11T11:42:59.160+05:30  INFO 16436 --- [nifty-trading] [ient-4-Worker-0] c.e.d.service.AngelOneMarketDataService  : NIFTY = 23347.9
2026-09-11T11:42:59.267+05:30  INFO 16436 --- [nifty-trading] [ient-4-Worker-0] c.e.d.service.AngelOneMarketDataService  : ATM CE = 117.9
2026-09-11T11:42:59.370+05:30  INFO 16436 --- [nifty-trading] [ient-4-Worker-0] c.e.d.service.AngelOneMarketDataService  : NIFTY = 23347.75
2026-09-11T11:42:59.621+05:30  INFO 16436 --- [nifty-trading] [ient-4-Worker-0] c.e.d.service.AngelOneMarketDataService  : NIFTY = 23347.25
2026-09-11T11:42:59.755+05:30  INFO 16436 --- [nifty-trading] [ient-4-Worker-0] c.e.d.service.AngelOneMarketDataService  : ATM CE = 117.95
2026-09-11T11:42:59.871+05:30  INFO 16436 --- [nifty-trading] [ient-4-Worker-0] c.e.d.service.AngelOneMarketDataService  : NIFTY = 23347.6
2026-09-11T11:43:00.123+05:30  INFO 16436 --- [nifty-trading] [ient-4-Worker-0] c.e.d.service.AngelOneMarketDataService  : NIFTY = 23349.05
2026-09-11T11:43:00.188+05:30  INFO 16436 --- [nifty-trading] [ient-4-Worker-0] c.e.d.service.AngelOneMarketDataService  : ATM CE = 117.95
2026-09-11T11:43:00.269+05:30  INFO 16436 --- [nifty-trading] [ient-4-Worker-0] c.e.d.service.AngelOneMarketDataService  : ATM CE = 118.5
2026-09-11T11:43:00.384+05:30  INFO 16436 --- [nifty-trading] [ient-4-Worker-0] c.e.d.service.AngelOneMarketDataService  : NIFTY = 23348.65
2026-09-11T11:43:00.627+05:30  INFO 16436 --- [nifty-trading] [ient-4-Worker-0] c.e.d.service.AngelOneMarketDataService  : NIFTY = 23348.75
2026-09-11T11:43:01.125+05:30  INFO 16436 --- [nifty-trading] [ient-4-Worker-0] c.e.d.service.AngelOneMarketDataService  : NIFTY = 23348.75
2026-09-11T11:43:01.264+05:30  INFO 16436 --- [nifty-trading] [ient-4-Worker-0] c.e.d.service.AngelOneMarketDataService  : ATM CE = 118.35
2026-09-11T11:43:01.359+05:30  INFO 16436 --- [nifty-trading] [ient-4-Worker-0] c.e.d.service.AngelOneMarketDataService  : ATM CE = 118.35
2026-09-11T11:43:01.374+05:30  INFO 16436 --- [nifty-trading] [ient-4-Worker-0] c.e.d.service.AngelOneMarketDataService  : NIFTY = 23348.6
2026-09-11T11:43:01.631+05:30  INFO 16436 --- [nifty-trading] [ient-4-Worker-0] c.e.d.service.AngelOneMarketDataService  : NIFTY = 23348.3
2026-09-11T11:43:01.879+05:30  INFO 16436 --- [nifty-trading] [ient-4-Worker-0] c.e.d.service.AngelOneMarketDataService  : NIFTY = 23348.05
2026-09-11T11:43:02.126+05:30  INFO 16436 --- [nifty-trading] [ient-4-Worker-0] c.e.d.service.AngelOneMarketDataService  : NIFTY = 23347.6
2026-09-11T11:43:02.269+05:30  INFO 16436 --- [nifty-trading] [ient-4-Worker-0] c.e.d.service.AngelOneMarketDataService  : ATM CE = 118.35
2026-09-11T11:43:02.371+05:30  INFO 16436 --- [nifty-trading] [ient-4-Worker-0] c.e.d.service.AngelOneMarketDataService  : NIFTY = 23347.55
2026-09-11T11:43:02.623+05:30  INFO 16436 --- [nifty-trading] [ient-4-Worker-0] c.e.d.service.AngelOneMarketDataService  : NIFTY = 23347.65
2026-09-11T11:43:02.954+05:30  INFO 16436 --- [nifty-trading] [ient-4-Worker-0] c.e.d.service.AngelOneMarketDataService  : NIFTY = 23348.5
2026-09-11T11:43:02.954+05:30  INFO 16436 --- [nifty-trading] [ient-4-Worker-0] c.e.d.service.AngelOneMarketDataService  : ATM CE = 118.85
2026-09-11T11:43:03.123+05:30  INFO 16436 --- [nifty-trading] [ient-4-Worker-0] c.e.d.service.AngelOneMarketDataService  : NIFTY = 23348.55
2026-09-11T11:43:03.395+05:30  INFO 16436 --- [nifty-trading] [ient-4-Worker-0] c.e.d.service.AngelOneMarketDataService  : ATM CE = 118.45
2026-09-11T11:43:03.395+05:30  INFO 16436 --- [nifty-trading] [ient-4-Worker-0] c.e.d.service.AngelOneMarketDataService  : NIFTY = 23349.45
2026-09-11T11:43:03.621+05:30  INFO 16436 --- [nifty-trading] [ient-4-Worker-0] c.e.d.service.AngelOneMarketDataService  : NIFTY = 23349.35
2026-09-11T11:43:03.877+05:30  INFO 16436 --- [nifty-trading] [ient-4-Worker-0] c.e.d.service.AngelOneMarketDataService  : NIFTY = 23349.45
2026-09-11T11:43:04.121+05:30  INFO 16436 --- [nifty-trading] [ient-4-Worker-0] c.e.d.service.AngelOneMarketDataService  : NIFTY = 23349.0
2026-09-11T11:43:04.266+05:30  INFO 16436 --- [nifty-trading] [ient-4-Worker-0] c.e.d.service.AngelOneMarketDataService  : ATM CE = 118.85
2026-09-11T11:43:04.373+05:30  INFO 16436 --- [nifty-trading] [ient-4-Worker-0] c.e.d.service.AngelOneMarketDataService  : NIFTY = 23348.75
2026-09-11T11:43:04.621+05:30  INFO 16436 --- [nifty-trading] [ient-4-Worker-0] c.e.d.service.AngelOneMarketDataService  : NIFTY = 23348.7
2026-09-11T11:43:04.767+05:30  INFO 16436 --- [nifty-trading] [ient-4-Worker-0] c.e.d.service.AngelOneMarketDataService  : ATM CE = 118.5
2026-09-11T11:43:04.879+05:30  INFO 16436 --- [nifty-trading] [ient-4-Worker-0] c.e.d.service.AngelOneMarketDataService  : NIFTY = 23348.75
2026-09-11T11:43:05.121+05:30  INFO 16436 --- [nifty-trading] [ient-4-Worker-0] c.e.d.service.AngelOneMarketDataService  : NIFTY = 23348.7
2026-09-11T11:43:05.270+05:30  INFO 16436 --- [nifty-trading] [ient-4-Worker-0] c.e.d.service.AngelOneMarketDataService  : ATM CE = 118.45
2026-09-11T11:43:05.370+05:30  INFO 16436 --- [nifty-trading] [ient-4-Worker-0] c.e.d.service.AngelOneMarketDataService  : NIFTY = 23347.95
2026-09-11T11:43:05.621+05:30  INFO 16436 --- [nifty-trading] [ient-4-Worker-0] c.e.d.service.AngelOneMarketDataService  : NIFTY = 23347.65
2026-09-11T11:43:05.884+05:30  INFO 16436 --- [nifty-trading] [ient-4-Worker-0] c.e.d.service.AngelOneMarketDataService  : NIFTY = 23347.45
2026-09-11T11:43:06.121+05:30  INFO 16436 --- [nifty-trading] [ient-4-Worker-0] c.e.d.service.AngelOneMarketDataService  : NIFTY = 23348.05
2026-09-11T11:43:06.363+05:30  INFO 16436 --- [nifty-trading] [ient-4-Worker-0] c.e.d.service.AngelOneMarketDataService  : ATM CE = 118.5
2026-09-11T11:43:06.363+05:30  INFO 16436 --- [nifty-trading] [ient-4-Worker-0] c.e.d.service.AngelOneMarketDataService  : ATM CE = 118.45
2026-09-11T11:43:06.379+05:30  INFO 16436 --- [nifty-trading] [ient-4-Worker-0] c.e.d.service.AngelOneMarketDataService  : NIFTY = 23347.4
2026-09-11T11:43:06.620+05:30  INFO 16436 --- [nifty-trading] [ient-4-Worker-0] c.e.d.service.AngelOneMarketDataService  : NIFTY = 23347.7
2026-09-11T11:43:07.079+05:30  INFO 16436 --- [nifty-trading] [ient-4-Worker-0] c.e.d.service.AngelOneMarketDataService  : NIFTY = 23348.05
2026-09-11T11:43:07.122+05:30  INFO 16436 --- [nifty-trading] [ient-4-Worker-0] c.e.d.service.AngelOneMarketDataService  : NIFTY = 23348.05
2026-09-11T11:43:07.279+05:30  INFO 16436 --- [nifty-trading] [ient-4-Worker-0] c.e.d.service.AngelOneMarketDataService  : ATM CE = 118.3
2026-09-11T11:43:07.372+05:30  INFO 16436 --- [nifty-trading] [ient-4-Worker-0] c.e.d.service.AngelOneMarketDataService  : NIFTY = 23347.7
2026-09-11T11:43:07.680+05:30  INFO 16436 --- [nifty-trading] [ient-4-Worker-0] c.e.d.service.AngelOneMarketDataService  : NIFTY = 23347.9
2026-09-11T11:43:07.894+05:30  INFO 16436 --- [nifty-trading] [ient-4-Worker-0] c.e.d.service.AngelOneMarketDataService  : NIFTY = 23348.05
2026-09-11T11:43:07.968+05:30  INFO 16436 --- [nifty-trading] [ient-4-Worker-0] c.e.d.service.AngelOneMarketDataService  : ATM CE = 118.05
2026-09-11T11:43:08.124+05:30  INFO 16436 --- [nifty-trading] [ient-4-Worker-0] c.e.d.service.AngelOneMarketDataService  : NIFTY = 23347.55
2026-09-11T11:43:08.473+05:30  INFO 16436 --- [nifty-trading] [ient-4-Worker-0] c.e.d.service.AngelOneMarketDataService  : ATM CE = 118.1
2026-09-11T11:43:08.626+05:30  INFO 16436 --- [nifty-trading] [ient-4-Worker-0] c.e.d.service.AngelOneMarketDataService  : NIFTY = 23347.45
2026-09-11T11:43:08.882+05:30  INFO 16436 --- [nifty-trading] [ient-4-Worker-0] c.e.d.service.AngelOneMarketDataService  : NIFTY = 23347.05
2026-09-11T11:43:09.122+05:30  INFO 16436 --- [nifty-trading] [ient-4-Worker-0] c.e.d.service.AngelOneMarketDataService  : NIFTY = 23347.35
2026-09-11T11:43:09.281+05:30  INFO 16436 --- [nifty-trading] [ient-4-Worker-0] c.e.d.service.AngelOneMarketDataService  : ATM CE = 117.85
2026-09-11T11:43:09.566+05:30  INFO 16436 --- [nifty-trading] [ient-4-Worker-0] c.e.d.service.AngelOneMarketDataService  : ATM CE = 118.0
2026-09-11T11:43:09.632+05:30  INFO 16436 --- [nifty-trading] [ient-4-Worker-0] c.e.d.service.AngelOneMarketDataService  : NIFTY = 23347.0
2026-09-11T11:43:10.208+05:30  INFO 16436 --- [nifty-trading] [ient-4-Worker-0] c.e.d.service.AngelOneMarketDataService  : NIFTY = 23347.45
2026-09-11T11:43:10.272+05:30  INFO 16436 --- [nifty-trading] [ient-4-Worker-0] c.e.d.service.AngelOneMarketDataService  : ATM CE = 117.7
2026-09-11T11:43:10.415+05:30  INFO 16436 --- [nifty-trading] [ient-4-Worker-0] c.e.d.service.AngelOneMarketDataService  : NIFTY = 23347.15
2026-09-11T11:43:10.686+05:30  INFO 16436 --- [nifty-trading] [ient-4-Worker-0] c.e.d.service.AngelOneMarketDataService  : NIFTY = 23346.8
2026-09-11T11:43:10.918+05:30  INFO 16436 --- [nifty-trading] [ient-4-Worker-0] c.e.d.service.AngelOneMarketDataService  : NIFTY = 23346.75
2026-09-11T11:43:11.131+05:30  INFO 16436 --- [nifty-trading] [ient-4-Worker-0] c.e.d.service.AngelOneMarketDataService  : NIFTY = 23348.1
2026-09-11T11:43:11.190+05:30  INFO 16436 --- [nifty-trading] [ient-4-Worker-0] c.e.d.service.AngelOneMarketDataService  : ATM CE = 117.5
2026-09-11T11:43:11.419+05:30  INFO 16436 --- [nifty-trading] [ient-4-Worker-0] c.e.d.service.AngelOneMarketDataService  : ATM CE = 117.6
2026-09-11T11:43:11.419+05:30  INFO 16436 --- [nifty-trading] [ient-4-Worker-0] c.e.d.service.AngelOneMarketDataService  : NIFTY = 23347.6
2026-09-11T11:43:11.652+05:30  INFO 16436 --- [nifty-trading] [ient-4-Worker-0] c.e.d.service.AngelOneMarketDataService  : NIFTY = 23347.4
2026-09-11T11:43:12.088+05:30  INFO 16436 --- [nifty-trading] [ient-4-Worker-0] c.e.d.service.AngelOneMarketDataService  : NIFTY = 23347.65
2026-09-11T11:43:12.125+05:30  INFO 16436 --- [nifty-trading] [ient-4-Worker-0] c.e.d.service.AngelOneMarketDataService  : NIFTY = 23347.15
2026-09-11T11:43:12.378+05:30  INFO 16436 --- [nifty-trading] [ient-4-Worker-0] c.e.d.service.AngelOneMarketDataService  : ATM CE = 117.95
2026-09-11T11:43:12.378+05:30  INFO 16436 --- [nifty-trading] [ient-4-Worker-0] c.e.d.service.AngelOneMarketDataService  : NIFTY = 23347.0
2026-09-11T11:43:12.633+05:30  INFO 16436 --- [nifty-trading] [ient-4-Worker-0] c.e.d.service.AngelOneMarketDataService  : NIFTY = 23347.05
2026-09-11T11:43:12.875+05:30  INFO 16436 --- [nifty-trading] [ient-4-Worker-0] c.e.d.service.AngelOneMarketDataService  : NIFTY = 23347.0
2026-09-11T11:43:12.969+05:30  INFO 16436 --- [nifty-trading] [ient-4-Worker-0] c.e.d.service.AngelOneMarketDataService  : ATM CE = 118.15
2026-09-11T11:43:13.122+05:30  INFO 16436 --- [nifty-trading] [ient-4-Worker-0] c.e.d.service.AngelOneMarketDataService  : NIFTY = 23346.85
2026-09-11T11:43:13.281+05:30  INFO 16436 --- [nifty-trading] [ient-4-Worker-0] c.e.d.service.AngelOneMarketDataService  : ATM CE = 118.0
2026-09-11T11:43:13.376+05:30  INFO 16436 --- [nifty-trading] [ient-4-Worker-0] c.e.d.service.AngelOneMarketDataService  : NIFTY = 23347.0
2026-09-11T11:43:13.622+05:30  INFO 16436 --- [nifty-trading] [ient-4-Worker-0] c.e.d.service.AngelOneMarketDataService  : NIFTY = 23347.25
2026-09-11T11:43:13.879+05:30  INFO 16436 --- [nifty-trading] [ient-4-Worker-0] c.e.d.service.AngelOneMarketDataService  : NIFTY = 23347.35
2026-09-11T11:43:14.129+05:30  INFO 16436 --- [nifty-trading] [ient-4-Worker-0] c.e.d.service.AngelOneMarketDataService  : NIFTY = 23347.5
2026-09-11T11:43:14.275+05:30  INFO 16436 --- [nifty-trading] [ient-4-Worker-0] c.e.d.service.AngelOneMarketDataService  : ATM CE = 117.95
2026-09-11T11:43:14.380+05:30  INFO 16436 --- [nifty-trading] [ient-4-Worker-0] c.e.d.service.AngelOneMarketDataService  : NIFTY = 23347.75
2026-09-11T11:43:14.572+05:30  INFO 16436 --- [nifty-trading] [ient-4-Worker-0] c.e.d.service.AngelOneMarketDataService  : ATM CE = 118.1
2026-09-11T11:43:14.625+05:30  INFO 16436 --- [nifty-trading] [ient-4-Worker-0] c.e.d.service.AngelOneMarketDataService  : NIFTY = 23347.55
2026-09-11T11:43:14.886+05:30  INFO 16436 --- [nifty-trading] [ient-4-Worker-0] c.e.d.service.AngelOneMarketDataService  : NIFTY = 23347.65
2026-09-11T11:43:15.125+05:30  INFO 16436 --- [nifty-trading] [ient-4-Worker-0] c.e.d.service.AngelOneMarketDataService  : NIFTY = 23347.45
2026-09-11T11:43:15.375+05:30  INFO 16436 --- [nifty-trading] [ient-4-Worker-0] c.e.d.service.AngelOneMarketDataService  : ATM CE = 117.7
2026-09-11T11:43:15.375+05:30  INFO 16436 --- [nifty-trading] [ient-4-Worker-0] c.e.d.service.AngelOneMarketDataService  : NIFTY = 23347.65
2026-09-11T11:43:15.621+05:30  INFO 16436 --- [nifty-trading] [ient-4-Worker-0] c.e.d.service.AngelOneMarketDataService  : NIFTY = 23347.6
2026-09-11T11:43:15.881+05:30  INFO 16436 --- [nifty-trading] [ient-4-Worker-0] c.e.d.service.AngelOneMarketDataService  : NIFTY = 23347.2
2026-09-11T11:43:16.125+05:30  INFO 16436 --- [nifty-trading] [ient-4-Worker-0] c.e.d.service.AngelOneMarketDataService  : NIFTY = 23346.9
2026-09-11T11:43:16.172+05:30  INFO 16436 --- [nifty-trading] [ient-4-Worker-0] c.e.d.service.AngelOneMarketDataService  : ATM CE = 118.15
2026-09-11T11:43:16.275+05:30  INFO 16436 --- [nifty-trading] [ient-4-Worker-0] c.e.d.service.AngelOneMarketDataService  : ATM CE = 118.15
2026-09-11T11:43:16.383+05:30  INFO 16436 --- [nifty-trading] [ient-4-Worker-0] c.e.d.service.AngelOneMarketDataService  : NIFTY = 23347.1
2026-09-11T11:43:16.623+05:30  INFO 16436 --- [nifty-trading] [ient-4-Worker-0] c.e.d.service.AngelOneMarketDataService  : NIFTY = 23347.15
2026-09-11T11:43:16.887+05:30  INFO 16436 --- [nifty-trading] [ient-4-Worker-0] c.e.d.service.AngelOneMarketDataService  : NIFTY = 23347.0
2026-09-11T11:43:17.121+05:30  INFO 16436 --- [nifty-trading] [ient-4-Worker-0] c.e.d.service.AngelOneMarketDataService  : NIFTY = 23346.05
2026-09-11T11:43:17.393+05:30  INFO 16436 --- [nifty-trading] [ient-4-Worker-0] c.e.d.service.AngelOneMarketDataService  : ATM CE = 118.0
2026-09-11T11:43:17.393+05:30  INFO 16436 --- [nifty-trading] [ient-4-Worker-0] c.e.d.service.AngelOneMarketDataService  : NIFTY = 23346.25
2026-09-11T11:43:17.627+05:30  INFO 16436 --- [nifty-trading] [ient-4-Worker-0] c.e.d.service.AngelOneMarketDataService  : NIFTY = 23346.35
2026-09-11T11:43:17.781+05:30  INFO 16436 --- [nifty-trading] [ient-4-Worker-0] c.e.d.service.AngelOneMarketDataService  : ATM CE = 118.2
2026-09-11T11:43:17.874+05:30  INFO 16436 --- [nifty-trading] [ient-4-Worker-0] c.e.d.service.AngelOneMarketDataService  : NIFTY = 23346.2
2026-09-11T11:43:18.122+05:30  INFO 16436 --- [nifty-trading] [ient-4-Worker-0] c.e.d.service.AngelOneMarketDataService  : NIFTY = 23346.9
2026-09-11T11:43:18.276+05:30  INFO 16436 --- [nifty-trading] [ient-4-Worker-0] c.e.d.service.AngelOneMarketDataService  : ATM CE = 118.35
2026-09-11T11:43:18.380+05:30  INFO 16436 --- [nifty-trading] [ient-4-Worker-0] c.e.d.service.AngelOneMarketDataService  : NIFTY = 23347.0
2026-09-11T11:43:18.621+05:30  INFO 16436 --- [nifty-trading] [ient-4-Worker-0] c.e.d.service.AngelOneMarketDataService  : NIFTY = 23347.35
2026-09-11T11:43:19.080+05:30  INFO 16436 --- [nifty-trading] [ient-4-Worker-0] c.e.d.service.AngelOneMarketDataService  : NIFTY = 23347.6
2026-09-11T11:43:19.121+05:30  INFO 16436 --- [nifty-trading] [ient-4-Worker-0] c.e.d.service.AngelOneMarketDataService  : NIFTY = 23346.95
2026-09-11T11:43:19.390+05:30  INFO 16436 --- [nifty-trading] [ient-4-Worker-0] c.e.d.service.AngelOneMarketDataService  : ATM CE = 118.55
2026-09-11T11:43:19.390+05:30  INFO 16436 --- [nifty-trading] [ient-4-Worker-0] c.e.d.service.AngelOneMarketDataService  : NIFTY = 23347.1
2026-09-11T11:43:19.608+05:30  INFO 16436 --- [nifty-trading] [ient-4-Worker-0] c.e.d.service.AngelOneMarketDataService  : ATM CE = 118.7
2026-09-11T11:43:19.884+05:30  INFO 16436 --- [nifty-trading] [ient-4-Worker-0] c.e.d.service.AngelOneMarketDataService  : NIFTY = 23347.0
2026-09-11T11:43:20.126+05:30  INFO 16436 --- [nifty-trading] [ient-4-Worker-0] c.e.d.service.AngelOneMarketDataService  : NIFTY = 23346.9
2026-09-11T11:43:20.383+05:30  INFO 16436 --- [nifty-trading] [ient-4-Worker-0] c.e.d.service.AngelOneMarketDataService  : ATM CE = 119.2
2026-09-11T11:43:20.383+05:30  INFO 16436 --- [nifty-trading] [ient-4-Worker-0] c.e.d.service.AngelOneMarketDataService  : NIFTY = 23347.25
2026-09-11T11:43:20.634+05:30  INFO 16436 --- [nifty-trading] [ient-4-Worker-0] c.e.d.service.AngelOneMarketDataService  : NIFTY = 23346.95
2026-09-11T11:43:20.880+05:30  INFO 16436 --- [nifty-trading] [ient-4-Worker-0] c.e.d.service.AngelOneMarketDataService  : NIFTY = 23347.15
2026-09-11T11:43:20.983+05:30  INFO 16436 --- [nifty-trading] [ient-4-Worker-0] c.e.d.service.AngelOneMarketDataService  : ATM CE = 119.35
2026-09-11T11:43:21.121+05:30  INFO 16436 --- [nifty-trading] [ient-4-Worker-0] c.e.d.service.AngelOneMarketDataService  : NIFTY = 23347.2
2026-09-11T11:43:21.386+05:30  INFO 16436 --- [nifty-trading] [ient-4-Worker-0] c.e.d.service.AngelOneMarketDataService  : ATM CE = 119.6
2026-09-11T11:43:21.386+05:30  INFO 16436 --- [nifty-trading] [ient-4-Worker-0] c.e.d.service.AngelOneMarketDataService  : NIFTY = 23347.3
2026-09-11T11:43:21.624+05:30  INFO 16436 --- [nifty-trading] [ient-4-Worker-0] c.e.d.service.AngelOneMarketDataService  : NIFTY = 23347.85
2026-09-11T11:43:21.882+05:30  INFO 16436 --- [nifty-trading] [ient-4-Worker-0] c.e.d.service.AngelOneMarketDataService  : NIFTY = 23347.95
2026-09-11T11:43:22.122+05:30  INFO 16436 --- [nifty-trading] [ient-4-Worker-0] c.e.d.service.AngelOneMarketDataService  : NIFTY = 23348.05
2026-09-11T11:43:22.285+05:30  INFO 16436 --- [nifty-trading] [ient-4-Worker-0] c.e.d.service.AngelOneMarketDataService  : ATM CE = 118.65
2026-09-11T11:43:22.371+05:30  INFO 16436 --- [nifty-trading] [ient-4-Worker-0] c.e.d.service.AngelOneMarketDataService  : NIFTY = 23347.9
2026-09-11T11:43:22.623+05:30  INFO 16436 --- [nifty-trading] [ient-4-Worker-0] c.e.d.service.AngelOneMarketDataService  : NIFTY = 23347.75
2026-09-11T11:43:22.786+05:30  INFO 16436 --- [nifty-trading] [ient-4-Worker-0] c.e.d.service.AngelOneMarketDataService  : ATM CE = 118.9
2026-09-11T11:43:22.880+05:30  INFO 16436 --- [nifty-trading] [ient-4-Worker-0] c.e.d.service.AngelOneMarketDataService  : NIFTY = 23348.2
2026-09-11T11:43:23.137+05:30  INFO 16436 --- [nifty-trading] [ient-4-Worker-0] c.e.d.service.AngelOneMarketDataService  : NIFTY = 23348.05
2026-09-11T11:43:23.285+05:30  INFO 16436 --- [nifty-trading] [ient-4-Worker-0] c.e.d.service.AngelOneMarketDataService  : ATM CE = 118.95
2026-09-11T11:43:23.375+05:30  INFO 16436 --- [nifty-trading] [ient-4-Worker-0] c.e.d.service.AngelOneMarketDataService  : NIFTY = 23348.6
2026-09-11T11:43:23.621+05:30  INFO 16436 --- [nifty-trading] [ient-4-Worker-0] c.e.d.service.AngelOneMarketDataService  : NIFTY = 23348.4
2026-09-11T11:43:23.883+05:30  INFO 16436 --- [nifty-trading] [ient-4-Worker-0] c.e.d.service.AngelOneMarketDataService  : NIFTY = 23348.65
2026-09-11T11:43:24.126+05:30  INFO 16436 --- [nifty-trading] [ient-4-Worker-0] c.e.d.service.AngelOneMarketDataService  : NIFTY = 23347.95
2026-09-11T11:43:24.376+05:30  INFO 16436 --- [nifty-trading] [ient-4-Worker-0] c.e.d.service.AngelOneMarketDataService  : ATM CE = 118.15
2026-09-11T11:43:24.376+05:30  INFO 16436 --- [nifty-trading] [ient-4-Worker-0] c.e.d.service.AngelOneMarketDataService  : NIFTY = 23347.65
2026-09-11T11:43:24.602+05:30  INFO 16436 --- [nifty-trading] [ient-4-Worker-0] c.e.d.service.AngelOneMarketDataService  : ATM CE = 118.15
2026-09-11T11:43:24.625+05:30  INFO 16436 --- [nifty-trading] [ient-4-Worker-0] c.e.d.service.AngelOneMarketDataService  : NIFTY = 23347.15
2026-09-11T11:43:24.883+05:30  INFO 16436 --- [nifty-trading] [ient-4-Worker-0] c.e.d.service.AngelOneMarketDataService  : NIFTY = 23348.35
2026-09-11T11:43:25.127+05:30  INFO 16436 --- [nifty-trading] [ient-4-Worker-0] c.e.d.service.AngelOneMarketDataService  : NIFTY = 23347.1
2026-09-11T11:43:25.376+05:30  INFO 16436 --- [nifty-trading] [ient-4-Worker-0] c.e.d.service.AngelOneMarketDataService  : ATM CE = 118.45
2026-09-11T11:43:25.377+05:30  INFO 16436 --- [nifty-trading] [ient-4-Worker-0] c.e.d.service.AngelOneMarketDataService  : NIFTY = 23347.35
2026-09-11T11:43:25.628+05:30  INFO 16436 --- [nifty-trading] [ient-4-Worker-0] c.e.d.service.AngelOneMarketDataService  : NIFTY = 23347.2
2026-09-11T11:43:26.043+05:30  INFO 16436 --- [nifty-trading] [ient-4-Worker-0] c.e.d.service.AngelOneMarketDataService  : NIFTY = 23346.95
2026-09-11T11:43:26.043+05:30  INFO 16436 --- [nifty-trading] [ient-4-Worker-0] c.e.d.service.AngelOneMarketDataService  : ATM CE = 119.15
2026-09-11T11:43:26.122+05:30  INFO 16436 --- [nifty-trading] [ient-4-Worker-0] c.e.d.service.AngelOneMarketDataService  : NIFTY = 23347.6
2026-09-11T11:43:26.375+05:30  INFO 16436 --- [nifty-trading] [ient-4-Worker-0] c.e.d.service.AngelOneMarketDataService  : ATM CE = 118.95
2026-09-11T11:43:26.376+05:30  INFO 16436 --- [nifty-trading] [ient-4-Worker-0] c.e.d.service.AngelOneMarketDataService  : NIFTY = 23347.5
2026-09-11T11:43:26.876+05:30  INFO 16436 --- [nifty-trading] [ient-4-Worker-0] c.e.d.service.AngelOneMarketDataService  : NIFTY = 23348.1
2026-09-11T11:43:27.127+05:30  INFO 16436 --- [nifty-trading] [ient-4-Worker-0] c.e.d.service.AngelOneMarketDataService  : NIFTY = 23348.15
2026-09-11T11:43:27.382+05:30  INFO 16436 --- [nifty-trading] [ient-4-Worker-0] c.e.d.service.AngelOneMarketDataService  : ATM CE = 119.0
2026-09-11T11:43:27.383+05:30  INFO 16436 --- [nifty-trading] [ient-4-Worker-0] c.e.d.service.AngelOneMarketDataService  : NIFTY = 23347.75
2026-09-11T11:43:27.597+05:30  INFO 16436 --- [nifty-trading] [ient-4-Worker-0] c.e.d.service.AngelOneMarketDataService  : ATM CE = 119.35
2026-09-11T11:43:27.626+05:30  INFO 16436 --- [nifty-trading] [ient-4-Worker-0] c.e.d.service.AngelOneMarketDataService  : NIFTY = 23347.6
2026-09-11T11:43:27.881+05:30  INFO 16436 --- [nifty-trading] [ient-4-Worker-0] c.e.d.service.AngelOneMarketDataService  : NIFTY = 23347.35
2026-09-11T11:43:28.133+05:30  INFO 16436 --- [nifty-trading] [ient-4-Worker-0] c.e.d.service.AngelOneMarketDataService  : NIFTY = 23347.7
2026-09-11T11:43:28.286+05:30  INFO 16436 --- [nifty-trading] [ient-4-Worker-0] c.e.d.service.AngelOneMarketDataService  : ATM CE = 119.4
2026-09-11T11:43:28.382+05:30  INFO 16436 --- [nifty-trading] [ient-4-Worker-0] c.e.d.service.AngelOneMarketDataService  : NIFTY = 23347.6
2026-09-11T11:43:28.637+05:30  INFO 16436 --- [nifty-trading] [ient-4-Worker-0] c.e.d.service.AngelOneMarketDataService  : NIFTY = 23348.0
2026-09-11T11:43:28.879+05:30  INFO 16436 --- [nifty-trading] [ient-4-Worker-0] c.e.d.service.AngelOneMarketDataService  : NIFTY = 23348.1
2026-09-11T11:43:29.130+05:30  INFO 16436 --- [nifty-trading] [ient-4-Worker-0] c.e.d.service.AngelOneMarketDataService  : NIFTY = 23348.2
2026-09-11T11:43:29.284+05:30  INFO 16436 --- [nifty-trading] [ient-4-Worker-0] c.e.d.service.AngelOneMarketDataService  : ATM CE = 119.45
2026-09-11T11:43:29.399+05:30  INFO 16436 --- [nifty-trading] [ient-4-Worker-0] c.e.d.service.AngelOneMarketDataService  : ATM CE = 119.4
2026-09-11T11:43:29.626+05:30  INFO 16436 --- [nifty-trading] [ient-4-Worker-0] c.e.d.service.AngelOneMarketDataService  : NIFTY = 23347.9
2026-09-11T11:43:29.878+05:30  INFO 16436 --- [nifty-trading] [ient-4-Worker-0] c.e.d.service.AngelOneMarketDataService  : NIFTY = 23348.2
2026-09-11T11:43:30.124+05:30  INFO 16436 --- [nifty-trading] [ient-4-Worker-0] c.e.d.service.AngelOneMarketDataService  : NIFTY = 23348.8
2026-09-11T11:43:30.189+05:30  INFO 16436 --- [nifty-trading] [ient-4-Worker-0] c.e.d.service.AngelOneMarketDataService  : ATM CE = 119.4
2026-09-11T11:43:30.396+05:30  INFO 16436 --- [nifty-trading] [ient-4-Worker-0] c.e.d.service.AngelOneMarketDataService  : ATM CE = 119.25
2026-09-11T11:43:30.396+05:30  INFO 16436 --- [nifty-trading] [ient-4-Worker-0] c.e.d.service.AngelOneMarketDataService  : NIFTY = 23348.55
2026-09-11T11:43:30.627+05:30  INFO 16436 --- [nifty-trading] [ient-4-Worker-0] c.e.d.service.AngelOneMarketDataService  : NIFTY = 23348.45
2026-09-11T11:43:30.882+05:30  INFO 16436 --- [nifty-trading] [ient-4-Worker-0] c.e.d.service.AngelOneMarketDataService  : NIFTY = 23348.2
2026-09-11T11:43:31.045+05:30  INFO 16436 --- [nifty-trading] [ient-4-Worker-0] c.e.d.service.AngelOneMarketDataService  : ATM CE = 119.6
2026-09-11T11:43:31.121+05:30  INFO 16436 --- [nifty-trading] [ient-4-Worker-0] c.e.d.service.AngelOneMarketDataService  : NIFTY = 23347.7
2026-09-11T11:43:31.367+05:30  INFO 16436 --- [nifty-trading] [ient-4-Worker-0] c.e.d.service.AngelOneMarketDataService  : ATM CE = 119.9
2026-09-11T11:43:31.373+05:30  INFO 16436 --- [nifty-trading] [ient-4-Worker-0] c.e.d.service.AngelOneMarketDataService  : NIFTY = 23348.1
2026-09-11T11:43:31.623+05:30  INFO 16436 --- [nifty-trading] [ient-4-Worker-0] c.e.d.service.AngelOneMarketDataService  : NIFTY = 23348.2
2026-09-11T11:43:32.081+05:30  INFO 16436 --- [nifty-trading] [ient-4-Worker-0] c.e.d.service.AngelOneMarketDataService  : NIFTY = 23348.35
2026-09-11T11:43:32.137+05:30  INFO 16436 --- [nifty-trading] [ient-4-Worker-0] c.e.d.service.AngelOneMarketDataService  : NIFTY = 23350.3
2026-09-11T11:43:32.288+05:30  INFO 16436 --- [nifty-trading] [ient-4-Worker-0] c.e.d.service.AngelOneMarketDataService  : ATM CE = 120.2
2026-09-11T11:43:32.373+05:30  INFO 16436 --- [nifty-trading] [ient-4-Worker-0] c.e.d.service.AngelOneMarketDataService  : NIFTY = 23349.9
2026-09-11T11:43:32.602+05:30  INFO 16436 --- [nifty-trading] [ient-4-Worker-0] c.e.d.service.AngelOneMarketDataService  : ATM CE = 120.5
2026-09-11T11:43:32.629+05:30  INFO 16436 --- [nifty-trading] [ient-4-Worker-0] c.e.d.service.AngelOneMarketDataService  : NIFTY = 23350.1
2026-09-11T11:43:32.979+05:30  INFO 16436 --- [nifty-trading] [ient-4-Worker-0] c.e.d.service.AngelOneMarketDataService  : NIFTY = 23349.5
2026-09-11T11:43:33.125+05:30  INFO 16436 --- [nifty-trading] [ient-4-Worker-0] c.e.d.service.AngelOneMarketDataService  : NIFTY = 23349.4
2026-09-11T11:43:33.502+05:30  INFO 16436 --- [nifty-trading] [ient-4-Worker-0] c.e.d.service.AngelOneMarketDataService  : ATM CE = 120.35
2026-09-11T11:43:33.628+05:30  INFO 16436 --- [nifty-trading] [ient-4-Worker-0] c.e.d.service.AngelOneMarketDataService  : NIFTY = 23349.5
2026-09-11T11:43:33.878+05:30  INFO 16436 --- [nifty-trading] [ient-4-Worker-0] c.e.d.service.AngelOneMarketDataService  : NIFTY = 23349.75
2026-09-11T11:43:34.121+05:30  INFO 16436 --- [nifty-trading] [ient-4-Worker-0] c.e.d.service.AngelOneMarketDataService  : NIFTY = 23349.6
2026-09-11T11:43:34.411+05:30  INFO 16436 --- [nifty-trading] [ient-4-Worker-0] c.e.d.service.AngelOneMarketDataService  : ATM CE = 120.5
2026-09-11T11:43:34.411+05:30  INFO 16436 --- [nifty-trading] [ient-4-Worker-0] c.e.d.service.AngelOneMarketDataService  : ATM CE = 120.5
2026-09-11T11:43:34.627+05:30  INFO 16436 --- [nifty-trading] [ient-4-Worker-0] c.e.d.service.AngelOneMarketDataService  : NIFTY = 23349.4
2026-09-11T11:43:35.079+05:30  INFO 16436 --- [nifty-trading] [ient-4-Worker-0] c.e.d.service.AngelOneMarketDataService  : NIFTY = 23349.3
2026-09-11T11:43:35.121+05:30  INFO 16436 --- [nifty-trading] [ient-4-Worker-0] c.e.d.service.AngelOneMarketDataService  : NIFTY = 23349.55
2026-09-11T11:43:35.496+05:30  INFO 16436 --- [nifty-trading] [ient-4-Worker-0] c.e.d.service.AngelOneMarketDataService  : ATM CE = 119.8
2026-09-11T11:43:35.622+05:30  INFO 16436 --- [nifty-trading] [ient-4-Worker-0] c.e.d.service.AngelOneMarketDataService  : NIFTY = 23349.35
2026-09-11T11:43:35.882+05:30  INFO 16436 --- [nifty-trading] [ient-4-Worker-0] c.e.d.service.AngelOneMarketDataService  : NIFTY = 23349.4
2026-09-11T11:43:36.010+05:30  INFO 16436 --- [nifty-trading] [ient-4-Worker-0] c.e.d.service.AngelOneMarketDataService  : ATM CE = 119.9
2026-09-11T11:43:36.128+05:30  INFO 16436 --- [nifty-trading] [ient-4-Worker-0] c.e.d.service.AngelOneMarketDataService  : NIFTY = 23349.95
2026-09-11T11:43:36.289+05:30  INFO 16436 --- [nifty-trading] [ient-4-Worker-0] c.e.d.service.AngelOneMarketDataService  : ATM CE = 120.6
2026-09-11T11:43:36.373+05:30  INFO 16436 --- [nifty-trading] [ient-4-Worker-0] c.e.d.service.AngelOneMarketDataService  : NIFTY = 23349.8
2026-09-11T11:43:36.630+05:30  INFO 16436 --- [nifty-trading] [ient-4-Worker-0] c.e.d.service.AngelOneMarketDataService  : NIFTY = 23349.4
2026-09-11T11:43:36.882+05:30  INFO 16436 --- [nifty-trading] [ient-4-Worker-0] c.e.d.service.AngelOneMarketDataService  : NIFTY = 23349.55
2026-09-11T11:43:37.175+05:30  INFO 16436 --- [nifty-trading] [ient-4-Worker-0] c.e.d.service.AngelOneMarketDataService  : NIFTY = 23349.4
2026-09-11T11:43:37.492+05:30  INFO 16436 --- [nifty-trading] [ient-4-Worker-0] c.e.d.service.AngelOneMarketDataService  : ATM CE = 120.5
2026-09-11T11:43:37.610+05:30  INFO 16436 --- [nifty-trading] [ient-4-Worker-0] c.e.d.service.AngelOneMarketDataService  : ATM CE = 120.1
2026-09-11T11:43:37.624+05:30  INFO 16436 --- [nifty-trading] [ient-4-Worker-0] c.e.d.service.AngelOneMarketDataService  : NIFTY = 23349.2
2026-09-11T11:43:38.098+05:30  INFO 16436 --- [nifty-trading] [ient-4-Worker-0] c.e.d.service.AngelOneMarketDataService  : NIFTY = 23349.4
2026-09-11T11:43:38.129+05:30  INFO 16436 --- [nifty-trading] [ient-4-Worker-0] c.e.d.service.AngelOneMarketDataService  : NIFTY = 23349.45
2026-09-11T11:43:38.293+05:30  INFO 16436 --- [nifty-trading] [ient-4-Worker-0] c.e.d.service.AngelOneMarketDataService  : ATM CE = 120.3
2026-09-11T11:43:38.372+05:30  INFO 16436 --- [nifty-trading] [ient-4-Worker-0] c.e.d.service.AngelOneMarketDataService  : NIFTY = 23349.25
2026-09-11T11:43:38.622+05:30  INFO 16436 --- [nifty-trading] [ient-4-Worker-0] c.e.d.service.AngelOneMarketDataService  : NIFTY = 23349.5
2026-09-11T11:43:39.080+05:30  INFO 16436 --- [nifty-trading] [ient-4-Worker-0] c.e.d.service.AngelOneMarketDataService  : NIFTY = 23349.65
2026-09-11T11:43:39.121+05:30  INFO 16436 --- [nifty-trading] [ient-4-Worker-0] c.e.d.service.AngelOneMarketDataService  : NIFTY = 23349.05
2026-09-11T11:43:39.212+05:30  INFO 16436 --- [nifty-trading] [ient-4-Worker-0] c.e.d.service.AngelOneMarketDataService  : ATM CE = 120.2
2026-09-11T11:43:39.374+05:30  INFO 16436 --- [nifty-trading] [ient-4-Worker-0] c.e.d.service.AngelOneMarketDataService  : ATM CE = 120.2
2026-09-11T11:43:39.374+05:30  INFO 16436 --- [nifty-trading] [ient-4-Worker-0] c.e.d.service.AngelOneMarketDataService  : NIFTY = 23349.0
2026-09-11T11:43:39.644+05:30  INFO 16436 --- [nifty-trading] [ient-4-Worker-0] c.e.d.service.AngelOneMarketDataService  : NIFTY = 23349.1
2026-09-11T11:43:40.157+05:30  INFO 16436 --- [nifty-trading] [ient-4-Worker-0] c.e.d.service.AngelOneMarketDataService  : NIFTY = 23349.35
2026-09-11T11:43:40.405+05:30  INFO 16436 --- [nifty-trading] [ient-4-Worker-0] c.e.d.service.AngelOneMarketDataService  : ATM CE = 120.25
2026-09-11T11:43:40.405+05:30  INFO 16436 --- [nifty-trading] [ient-4-Worker-0] c.e.d.service.AngelOneMarketDataService  : NIFTY = 23348.95
2026-09-11T11:43:40.708+05:30  INFO 16436 --- [nifty-trading] [ient-4-Worker-0] c.e.d.service.AngelOneMarketDataService  : NIFTY = 23349.15
2026-09-11T11:43:41.114+05:30  INFO 16436 --- [nifty-trading] [ient-4-Worker-0] c.e.d.service.AngelOneMarketDataService  : NIFTY = 23349.4
2026-09-11T11:43:41.114+05:30  INFO 16436 --- [nifty-trading] [ient-4-Worker-0] c.e.d.service.AngelOneMarketDataService  : ATM CE = 119.75
2026-09-11T11:43:41.124+05:30  INFO 16436 --- [nifty-trading] [ient-4-Worker-0] c.e.d.service.AngelOneMarketDataService  : NIFTY = 23348.85
2026-09-11T11:43:41.376+05:30  INFO 16436 --- [nifty-trading] [ient-4-Worker-0] c.e.d.service.AngelOneMarketDataService  : ATM CE = 120.0
2026-09-11T11:43:41.376+05:30  INFO 16436 --- [nifty-trading] [ient-4-Worker-0] c.e.d.service.AngelOneMarketDataService  : NIFTY = 23348.7
2026-09-11T11:43:41.622+05:30  INFO 16436 --- [nifty-trading] [ient-4-Worker-0] c.e.d.service.AngelOneMarketDataService  : NIFTY = 23348.6
2026-09-11T11:43:41.954+05:30  INFO 16436 --- [nifty-trading] [ient-4-Worker-0] c.e.d.service.AngelOneMarketDataService  : NIFTY = 23348.45
2026-09-11T11:43:42.159+05:30  INFO 16436 --- [nifty-trading] [ient-4-Worker-0] c.e.d.service.AngelOneMarketDataService  : NIFTY = 23351.0
2026-09-11T11:43:42.376+05:30  INFO 16436 --- [nifty-trading] [ient-4-Worker-0] c.e.d.service.AngelOneMarketDataService  : ATM CE = 119.05
2026-09-11T11:43:42.376+05:30  INFO 16436 --- [nifty-trading] [ient-4-Worker-0] c.e.d.service.AngelOneMarketDataService  : NIFTY = 23350.85
2026-09-11T11:43:42.583+05:30  INFO 16436 --- [nifty-trading] [ient-4-Worker-0] c.e.d.service.AngelOneMarketDataService  : NIFTY = 23350.85
2026-09-11T11:43:42.585+05:30  INFO 16436 --- [nifty-trading] [ient-4-Worker-0] c.e.d.service.AngelOneMarketDataService  : NIFTY = 23350.85
2026-09-11T11:43:42.587+05:30  INFO 16436 --- [nifty-trading] [ient-4-Worker-0] c.e.d.service.AngelOneMarketDataService  : NIFTY = 23350.85
2026-09-11T11:43:42.587+05:30  INFO 16436 --- [nifty-trading] [ient-4-Worker-0] c.e.d.service.AngelOneMarketDataService  : NIFTY = 23350.85
2026-09-11T11:43:42.587+05:30  INFO 16436 --- [nifty-trading] [ient-4-Worker-0] c.e.d.service.AngelOneMarketDataService  : NIFTY = 23350.85
2026-09-11T11:43:42.633+05:30  INFO 16436 --- [nifty-trading] [ient-4-Worker-0] c.e.d.service.AngelOneMarketDataService  : NIFTY = 23350.85
2026-09-11T11:43:42.633+05:30  INFO 16436 --- [nifty-trading] [ient-4-Worker-0] c.e.d.service.AngelOneMarketDataService  : NIFTY = 23350.85
2026-09-11T11:43:42.633+05:30  INFO 16436 --- [nifty-trading] [ient-4-Worker-0] c.e.d.service.AngelOneMarketDataService  : ATM CE = 119.0
2026-09-11T11:43:42.633+05:30  INFO 16436 --- [nifty-trading] [ient-4-Worker-0] c.e.d.service.AngelOneMarketDataService  : NIFTY = 23350.5
2026-09-11T11:43:42.889+05:30  INFO 16436 --- [nifty-trading] [ient-4-Worker-0] c.e.d.service.AngelOneMarketDataService  : NIFTY = 23350.0
2026-09-11T11:43:43.124+05:30  INFO 16436 --- [nifty-trading] [ient-4-Worker-0] c.e.d.service.AngelOneMarketDataService  : NIFTY = 23349.15
2026-09-11T11:43:43.292+05:30  INFO 16436 --- [nifty-trading] [ient-4-Worker-0] c.e.d.service.AngelOneMarketDataService  : ATM CE = 119.35
2026-09-11T11:43:43.371+05:30  INFO 16436 --- [nifty-trading] [ient-4-Worker-0] c.e.d.service.AngelOneMarketDataService  : NIFTY = 23349.2
2026-09-11T11:43:43.448+05:30  INFO 16436 --- [nifty-trading] [ient-4-Worker-0] c.e.d.service.AngelOneMarketDataService  : NIFTY = 23349.2
2026-09-11T11:43:43.448+05:30  INFO 16436 --- [nifty-trading] [ient-4-Worker-0] c.e.d.service.AngelOneMarketDataService  : NIFTY = 23349.2
2026-09-11T11:43:43.452+05:30  INFO 16436 --- [nifty-trading] [ient-4-Worker-0] c.e.d.service.AngelOneMarketDataService  : NIFTY = 23349.2
2026-09-11T11:43:43.452+05:30  INFO 16436 --- [nifty-trading] [ient-4-Worker-0] c.e.d.service.AngelOneMarketDataService  : NIFTY = 23349.2
2026-09-11T11:43:43.452+05:30  INFO 16436 --- [nifty-trading] [ient-4-Worker-0] c.e.d.service.AngelOneMarketDataService  : NIFTY = 23349.2
2026-09-11T11:43:43.452+05:30  INFO 16436 --- [nifty-trading] [ient-4-Worker-0] c.e.d.service.AngelOneMarketDataService  : NIFTY = 23349.2
2026-09-11T11:43:43.479+05:30  INFO 16436 --- [nifty-trading] [ient-4-Worker-0] c.e.d.service.AngelOneMarketDataService  : NIFTY = 23349.2
2026-09-11T11:43:43.622+05:30  INFO 16436 --- [nifty-trading] [ient-4-Worker-0] c.e.d.service.AngelOneMarketDataService  : NIFTY = 23349.65
2026-09-11T11:43:43.877+05:30  INFO 16436 --- [nifty-trading] [ient-4-Worker-0] c.e.d.service.AngelOneMarketDataService  : NIFTY = 23349.8
2026-09-11T11:43:44.119+05:30  INFO 16436 --- [nifty-trading] [ient-4-Worker-0] c.e.d.service.AngelOneMarketDataService  : NIFTY = 23349.55
2026-09-11T11:43:44.245+05:30  INFO 16436 --- [nifty-trading] [ient-4-Worker-0] c.e.d.service.AngelOneMarketDataService  : ATM CE = 119.05
2026-09-11T11:43:44.245+05:30  INFO 16436 --- [nifty-trading] [ient-4-Worker-0] c.e.d.service.AngelOneMarketDataService  : NIFTY = 23349.55
2026-09-11T11:43:44.245+05:30  INFO 16436 --- [nifty-trading] [ient-4-Worker-0] c.e.d.service.AngelOneMarketDataService  : NIFTY = 23349.55
2026-09-11T11:43:44.245+05:30  INFO 16436 --- [nifty-trading] [ient-4-Worker-0] c.e.d.service.AngelOneMarketDataService  : NIFTY = 23349.55
2026-09-11T11:43:44.245+05:30  INFO 16436 --- [nifty-trading] [ient-4-Worker-0] c.e.d.service.AngelOneMarketDataService  : NIFTY = 23349.55
2026-09-11T11:43:44.245+05:30  INFO 16436 --- [nifty-trading] [ient-4-Worker-0] c.e.d.service.AngelOneMarketDataService  : NIFTY = 23349.55
2026-09-11T11:43:44.245+05:30  INFO 16436 --- [nifty-trading] [ient-4-Worker-0] c.e.d.service.AngelOneMarketDataService  : NIFTY = 23349.55
2026-09-11T11:43:44.245+05:30  INFO 16436 --- [nifty-trading] [ient-4-Worker-0] c.e.d.service.AngelOneMarketDataService  : NIFTY = 23349.55
2026-09-11T11:43:44.380+05:30  INFO 16436 --- [nifty-trading] [ient-4-Worker-0] c.e.d.service.AngelOneMarketDataService  : ATM CE = 119.05
2026-09-11T11:43:44.380+05:30  INFO 16436 --- [nifty-trading] [ient-4-Worker-0] c.e.d.service.AngelOneMarketDataService  : NIFTY = 23349.6
2026-09-11T11:43:44.621+05:30  INFO 16436 --- [nifty-trading] [ient-4-Worker-0] c.e.d.service.AngelOneMarketDataService  : NIFTY = 23349.65
2026-09-11T11:43:44.880+05:30  INFO 16436 --- [nifty-trading] [ient-4-Worker-0] c.e.d.service.AngelOneMarketDataService  : NIFTY = 23349.8
2026-09-11T11:43:45.040+05:30  INFO 16436 --- [nifty-trading] [ient-4-Worker-0] c.e.d.service.AngelOneMarketDataService  : NIFTY = 23349.8
2026-09-11T11:43:45.042+05:30  INFO 16436 --- [nifty-trading] [ient-4-Worker-0] c.e.d.service.AngelOneMarketDataService  : NIFTY = 23349.8
2026-09-11T11:43:45.044+05:30  INFO 16436 --- [nifty-trading] [ient-4-Worker-0] c.e.d.service.AngelOneMarketDataService  : NIFTY = 23349.8
2026-09-11T11:43:45.044+05:30  INFO 16436 --- [nifty-trading] [ient-4-Worker-0] c.e.d.service.AngelOneMarketDataService  : NIFTY = 23349.8
2026-09-11T11:43:45.044+05:30  INFO 16436 --- [nifty-trading] [ient-4-Worker-0] c.e.d.service.AngelOneMarketDataService  : NIFTY = 23349.8
2026-09-11T11:43:45.044+05:30  INFO 16436 --- [nifty-trading] [ient-4-Worker-0] c.e.d.service.AngelOneMarketDataService  : NIFTY = 23349.8
2026-09-11T11:43:45.044+05:30  INFO 16436 --- [nifty-trading] [ient-4-Worker-0] c.e.d.service.AngelOneMarketDataService  : NIFTY = 23349.8
2026-09-11T11:43:45.119+05:30  INFO 16436 --- [nifty-trading] [ient-4-Worker-0] c.e.d.service.AngelOneMarketDataService  : NIFTY = 23350.05
2026-09-11T11:43:45.386+05:30  INFO 16436 --- [nifty-trading] [ient-4-Worker-0] c.e.d.service.AngelOneMarketDataService  : ATM CE = 118.8
2026-09-11T11:43:45.386+05:30  INFO 16436 --- [nifty-trading] [ient-4-Worker-0] c.e.d.service.AngelOneMarketDataService  : NIFTY = 23350.0
2026-09-11T11:43:45.623+05:30  INFO 16436 --- [nifty-trading] [ient-4-Worker-0] c.e.d.service.AngelOneMarketDataService  : NIFTY = 23350.05
2026-09-11T11:43:45.930+05:30  INFO 16436 --- [nifty-trading] [ient-4-Worker-0] c.e.d.service.AngelOneMarketDataService  : NIFTY = 23349.75
2026-09-11T11:43:45.930+05:30  INFO 16436 --- [nifty-trading] [ient-4-Worker-0] c.e.d.service.AngelOneMarketDataService  : NIFTY = 23349.75
2026-09-11T11:43:45.930+05:30  INFO 16436 --- [nifty-trading] [ient-4-Worker-0] c.e.d.service.AngelOneMarketDataService  : NIFTY = 23349.75
2026-09-11T11:43:45.930+05:30  INFO 16436 --- [nifty-trading] [ient-4-Worker-0] c.e.d.service.AngelOneMarketDataService  : NIFTY = 23349.75
2026-09-11T11:43:45.930+05:30  INFO 16436 --- [nifty-trading] [ient-4-Worker-0] c.e.d.service.AngelOneMarketDataService  : NIFTY = 23349.75
2026-09-11T11:43:45.930+05:30  INFO 16436 --- [nifty-trading] [ient-4-Worker-0] c.e.d.service.AngelOneMarketDataService  : NIFTY = 23349.75
2026-09-11T11:43:45.930+05:30  INFO 16436 --- [nifty-trading] [ient-4-Worker-0] c.e.d.service.AngelOneMarketDataService  : NIFTY = 23349.75
2026-09-11T11:43:45.930+05:30  INFO 16436 --- [nifty-trading] [ient-4-Worker-0] c.e.d.service.AngelOneMarketDataService  : NIFTY = 23349.75
2026-09-11T11:43:46.034+05:30  INFO 16436 --- [nifty-trading] [ient-4-Worker-0] c.e.d.service.AngelOneMarketDataService  : ATM CE = 118.7
2026-09-11T11:43:46.129+05:30  INFO 16436 --- [nifty-trading] [ient-4-Worker-0] c.e.d.service.AngelOneMarketDataService  : NIFTY = 23349.75
2026-09-11T11:43:46.292+05:30  INFO 16436 --- [nifty-trading] [ient-4-Worker-0] c.e.d.service.AngelOneMarketDataService  : ATM CE = 118.9
2026-09-11T11:43:46.373+05:30  INFO 16436 --- [nifty-trading] [ient-4-Worker-0] c.e.d.service.AngelOneMarketDataService  : NIFTY = 23349.5
2026-09-11T11:43:46.624+05:30  INFO 16436 --- [nifty-trading] [ient-4-Worker-0] c.e.d.service.AngelOneMarketDataService  : NIFTY = 23349.4
2026-09-11T11:43:46.664+05:30  INFO 16436 --- [nifty-trading] [ient-4-Worker-0] c.e.d.service.AngelOneMarketDataService  : NIFTY = 23349.4
2026-09-11T11:43:46.664+05:30  INFO 16436 --- [nifty-trading] [ient-4-Worker-0] c.e.d.service.AngelOneMarketDataService  : NIFTY = 23349.4
2026-09-11T11:43:46.666+05:30  INFO 16436 --- [nifty-trading] [ient-4-Worker-0] c.e.d.service.AngelOneMarketDataService  : NIFTY = 23349.4
2026-09-11T11:43:46.666+05:30  INFO 16436 --- [nifty-trading] [ient-4-Worker-0] c.e.d.service.AngelOneMarketDataService  : NIFTY = 23349.4
2026-09-11T11:43:46.666+05:30  INFO 16436 --- [nifty-trading] [ient-4-Worker-0] c.e.d.service.AngelOneMarketDataService  : NIFTY = 23349.4
2026-09-11T11:43:46.692+05:30  INFO 16436 --- [nifty-trading] [ient-4-Worker-0] c.e.d.service.AngelOneMarketDataService  : NIFTY = 23349.4
2026-09-11T11:43:46.692+05:30  INFO 16436 --- [nifty-trading] [ient-4-Worker-0] c.e.d.service.AngelOneMarketDataService  : NIFTY = 23349.4
2026-09-11T11:43:47.079+05:30  INFO 16436 --- [nifty-trading] [ient-4-Worker-0] c.e.d.service.AngelOneMarketDataService  : NIFTY = 23349.5
2026-09-11T11:43:47.173+05:30  INFO 16436 --- [nifty-trading] [ient-4-Worker-0] c.e.d.service.AngelOneMarketDataService  : NIFTY = 23349.35
2026-09-11T11:43:47.294+05:30  INFO 16436 --- [nifty-trading] [ient-4-Worker-0] c.e.d.service.AngelOneMarketDataService  : ATM CE = 118.95
2026-09-11T11:43:47.372+05:30  INFO 16436 --- [nifty-trading] [ient-4-Worker-0] c.e.d.service.AngelOneMarketDataService  : NIFTY = 23349.0
2026-09-11T11:43:47.414+05:30  INFO 16436 --- [nifty-trading] [ient-4-Worker-0] c.e.d.service.AngelOneMarketDataService  : NIFTY = 23349.0
2026-09-11T11:43:47.416+05:30  INFO 16436 --- [nifty-trading] [ient-4-Worker-0] c.e.d.service.AngelOneMarketDataService  : NIFTY = 23349.0
2026-09-11T11:43:47.455+05:30  INFO 16436 --- [nifty-trading] [ient-4-Worker-0] c.e.d.service.AngelOneMarketDataService  : NIFTY = 23349.0
2026-09-11T11:43:47.455+05:30  INFO 16436 --- [nifty-trading] [ient-4-Worker-0] c.e.d.service.AngelOneMarketDataService  : NIFTY = 23349.0
2026-09-11T11:43:47.455+05:30  INFO 16436 --- [nifty-trading] [ient-4-Worker-0] c.e.d.service.AngelOneMarketDataService  : NIFTY = 23349.0
2026-09-11T11:43:47.456+05:30  INFO 16436 --- [nifty-trading] [ient-4-Worker-0] c.e.d.service.AngelOneMarketDataService  : NIFTY = 23349.0
2026-09-11T11:43:47.456+05:30  INFO 16436 --- [nifty-trading] [ient-4-Worker-0] c.e.d.service.AngelOneMarketDataService  : NIFTY = 23349.0
2026-09-11T11:43:47.622+05:30  INFO 16436 --- [nifty-trading] [ient-4-Worker-0] c.e.d.service.AngelOneMarketDataService  : NIFTY = 23348.85
2026-09-11T11:43:47.638+05:30  INFO 16436 --- [nifty-trading] [ient-4-Worker-0] c.e.d.service.AngelOneMarketDataService  : ATM CE = 119.0
2026-09-11T11:43:47.934+05:30  INFO 16436 --- [nifty-trading] [ient-4-Worker-0] c.e.d.service.AngelOneMarketDataService  : NIFTY = 23348.8
2026-09-11T11:43:47.934+05:30  INFO 16436 --- [nifty-trading] [ient-4-Worker-0] c.e.d.service.AngelOneMarketDataService  : NIFTY = 23348.8
2026-09-11T11:43:47.934+05:30  INFO 16436 --- [nifty-trading] [ient-4-Worker-0] c.e.d.service.AngelOneMarketDataService  : NIFTY = 23348.8
2026-09-11T11:43:47.934+05:30  INFO 16436 --- [nifty-trading] [ient-4-Worker-0] c.e.d.service.AngelOneMarketDataService  : NIFTY = 23348.8
2026-09-11T11:43:47.934+05:30  INFO 16436 --- [nifty-trading] [ient-4-Worker-0] c.e.d.service.AngelOneMarketDataService  : NIFTY = 23348.8
2026-09-11T11:43:47.935+05:30  INFO 16436 --- [nifty-trading] [ient-4-Worker-0] c.e.d.service.AngelOneMarketDataService  : NIFTY = 23348.8
2026-09-11T11:43:47.935+05:30  INFO 16436 --- [nifty-trading] [ient-4-Worker-0] c.e.d.service.AngelOneMarketDataService  : NIFTY = 23348.8
2026-09-11T11:43:47.935+05:30  INFO 16436 --- [nifty-trading] [ient-4-Worker-0] c.e.d.service.AngelOneMarketDataService  : NIFTY = 23348.8
2026-09-11T11:43:48.126+05:30  INFO 16436 --- [nifty-trading] [ient-4-Worker-0] c.e.d.service.AngelOneMarketDataService  : NIFTY = 23348.85
2026-09-11T11:43:48.305+05:30  INFO 16436 --- [nifty-trading] [ient-4-Worker-0] c.e.d.service.AngelOneMarketDataService  : NIFTY = 23348.85
2026-09-11T11:43:48.305+05:30  INFO 16436 --- [nifty-trading] [ient-4-Worker-0] c.e.d.service.AngelOneMarketDataService  : NIFTY = 23348.85
2026-09-11T11:43:48.305+05:30  INFO 16436 --- [nifty-trading] [ient-4-Worker-0] c.e.d.service.AngelOneMarketDataService  : NIFTY = 23348.85
2026-09-11T11:43:48.305+05:30  INFO 16436 --- [nifty-trading] [ient-4-Worker-0] c.e.d.service.AngelOneMarketDataService  : NIFTY = 23348.85
2026-09-11T11:43:48.305+05:30  INFO 16436 --- [nifty-trading] [ient-4-Worker-0] c.e.d.service.AngelOneMarketDataService  : NIFTY = 23348.85
2026-09-11T11:43:48.305+05:30  INFO 16436 --- [nifty-trading] [ient-4-Worker-0] c.e.d.service.AngelOneMarketDataService  : NIFTY = 23348.85
2026-09-11T11:43:48.305+05:30  INFO 16436 --- [nifty-trading] [ient-4-Worker-0] c.e.d.service.AngelOneMarketDataService  : NIFTY = 23348.85
2026-09-11T11:43:48.324+05:30  INFO 16436 --- [nifty-trading] [ient-4-Worker-0] c.e.d.service.AngelOneMarketDataService  : ATM CE = 119.25
2026-09-11T11:43:48.372+05:30  INFO 16436 --- [nifty-trading] [ient-4-Worker-0] c.e.d.service.AngelOneMarketDataService  : NIFTY = 23348.85
2026-09-11T11:43:48.624+05:30  INFO 16436 --- [nifty-trading] [ient-4-Worker-0] c.e.d.service.AngelOneMarketDataService  : NIFTY = 23349.2
2026-09-11T11:43:48.797+05:30  INFO 16436 --- [nifty-trading] [ient-4-Worker-0] c.e.d.service.AngelOneMarketDataService  : NIFTY = 23349.2
2026-09-11T11:43:48.798+05:30  INFO 16436 --- [nifty-trading] [ient-4-Worker-0] c.e.d.service.AngelOneMarketDataService  : NIFTY = 23349.2
2026-09-11T11:43:48.798+05:30  INFO 16436 --- [nifty-trading] [ient-4-Worker-0] c.e.d.service.AngelOneMarketDataService  : NIFTY = 23349.2
2026-09-11T11:43:48.809+05:30  INFO 16436 --- [nifty-trading] [ient-4-Worker-0] c.e.d.service.AngelOneMarketDataService  : NIFTY = 23349.2
2026-09-11T11:43:48.809+05:30  INFO 16436 --- [nifty-trading] [ient-4-Worker-0] c.e.d.service.AngelOneMarketDataService  : NIFTY = 23349.2
2026-09-11T11:43:48.809+05:30  INFO 16436 --- [nifty-trading] [ient-4-Worker-0] c.e.d.service.AngelOneMarketDataService  : NIFTY = 23349.2
2026-09-11T11:43:48.813+05:30  INFO 16436 --- [nifty-trading] [ient-4-Worker-0] c.e.d.service.AngelOneMarketDataService  : NIFTY = 23349.2
2026-09-11T11:43:48.882+05:30  INFO 16436 --- [nifty-trading] [ient-4-Worker-0] c.e.d.service.AngelOneMarketDataService  : NIFTY = 23349.3
2026-09-11T11:43:49.120+05:30  INFO 16436 --- [nifty-trading] [ient-4-Worker-0] c.e.d.service.AngelOneMarketDataService  : NIFTY = 23349.4
2026-09-11T11:43:49.230+05:30  INFO 16436 --- [nifty-trading] [ient-4-Worker-0] c.e.d.service.AngelOneMarketDataService  : ATM CE = 119.2
2026-09-11T11:43:49.294+05:30  INFO 16436 --- [nifty-trading] [ient-4-Worker-0] c.e.d.service.AngelOneMarketDataService  : ATM CE = 119.0
2026-09-11T11:43:49.367+05:30  INFO 16436 --- [nifty-trading] [ient-4-Worker-0] c.e.d.service.AngelOneMarketDataService  : NIFTY = 23349.4
2026-09-11T11:43:49.367+05:30  INFO 16436 --- [nifty-trading] [ient-4-Worker-0] c.e.d.service.AngelOneMarketDataService  : NIFTY = 23349.4
2026-09-11T11:43:49.404+05:30  INFO 16436 --- [nifty-trading] [ient-4-Worker-0] c.e.d.service.AngelOneMarketDataService  : NIFTY = 23349.4
2026-09-11T11:43:49.421+05:30  INFO 16436 --- [nifty-trading] [ient-4-Worker-0] c.e.d.service.AngelOneMarketDataService  : NIFTY = 23349.4
2026-09-11T11:43:49.421+05:30  INFO 16436 --- [nifty-trading] [ient-4-Worker-0] c.e.d.service.AngelOneMarketDataService  : NIFTY = 23349.4
2026-09-11T11:43:49.421+05:30  INFO 16436 --- [nifty-trading] [ient-4-Worker-0] c.e.d.service.AngelOneMarketDataService  : NIFTY = 23349.4
2026-09-11T11:43:49.421+05:30  INFO 16436 --- [nifty-trading] [ient-4-Worker-0] c.e.d.service.AngelOneMarketDataService  : NIFTY = 23349.4
2026-09-11T11:43:49.421+05:30  INFO 16436 --- [nifty-trading] [ient-4-Worker-0] c.e.d.service.AngelOneMarketDataService  : NIFTY = 23349.35
2026-09-11T11:43:49.645+05:30  INFO 16436 --- [nifty-trading] [ient-4-Worker-0] c.e.d.service.AngelOneMarketDataService  : NIFTY = 23349.2
2026-09-11T11:43:49.885+05:30  INFO 16436 --- [nifty-trading] [ient-4-Worker-0] c.e.d.service.AngelOneMarketDataService  : NIFTY = 23349.35
2026-09-11T11:43:50.056+05:30  INFO 16436 --- [nifty-trading] [ient-4-Worker-0] c.e.d.service.AngelOneMarketDataService  : NIFTY = 23349.35
2026-09-11T11:43:50.057+05:30  INFO 16436 --- [nifty-trading] [ient-4-Worker-0] c.e.d.service.AngelOneMarketDataService  : NIFTY = 23349.35
2026-09-11T11:43:50.057+05:30  INFO 16436 --- [nifty-trading] [ient-4-Worker-0] c.e.d.service.AngelOneMarketDataService  : NIFTY = 23349.35
2026-09-11T11:43:50.057+05:30  INFO 16436 --- [nifty-trading] [ient-4-Worker-0] c.e.d.service.AngelOneMarketDataService  : NIFTY = 23349.35
2026-09-11T11:43:50.057+05:30  INFO 16436 --- [nifty-trading] [ient-4-Worker-0] c.e.d.service.AngelOneMarketDataService  : NIFTY = 23349.35
2026-09-11T11:43:50.057+05:30  INFO 16436 --- [nifty-trading] [ient-4-Worker-0] c.e.d.service.AngelOneMarketDataService  : NIFTY = 23349.35
2026-09-11T11:43:50.071+05:30  INFO 16436 --- [nifty-trading] [ient-4-Worker-0] c.e.d.service.AngelOneMarketDataService  : NIFTY = 23349.35
2026-09-11T11:43:50.177+05:30  INFO 16436 --- [nifty-trading] [ient-4-Worker-0] c.e.d.service.AngelOneMarketDataService  : NIFTY = 23349.2
2026-09-11T11:43:50.375+05:30  INFO 16436 --- [nifty-trading] [ient-4-Worker-0] c.e.d.service.AngelOneMarketDataService  : ATM CE = 118.85
2026-09-11T11:43:50.375+05:30  INFO 16436 --- [nifty-trading] [ient-4-Worker-0] c.e.d.service.AngelOneMarketDataService  : NIFTY = 23349.0
2026-09-11T11:43:50.988+05:30  INFO 16436 --- [nifty-trading] [ient-4-Worker-0] c.e.d.service.AngelOneMarketDataService  : NIFTY = 23349.0
2026-09-11T11:43:50.988+05:30  INFO 16436 --- [nifty-trading] [ient-4-Worker-0] c.e.d.service.AngelOneMarketDataService  : NIFTY = 23349.0
2026-09-11T11:43:50.989+05:30  INFO 16436 --- [nifty-trading] [ient-4-Worker-0] c.e.d.service.AngelOneMarketDataService  : NIFTY = 23349.0
2026-09-11T11:43:50.989+05:30  INFO 16436 --- [nifty-trading] [ient-4-Worker-0] c.e.d.service.AngelOneMarketDataService  : NIFTY = 23349.0
2026-09-11T11:43:50.989+05:30  INFO 16436 --- [nifty-trading] [ient-4-Worker-0] c.e.d.service.AngelOneMarketDataService  : NIFTY = 23349.0
2026-09-11T11:43:51.017+05:30  INFO 16436 --- [nifty-trading] [ient-4-Worker-0] c.e.d.service.AngelOneMarketDataService  : NIFTY = 23349.0
2026-09-11T11:43:51.022+05:30  INFO 16436 --- [nifty-trading] [ient-4-Worker-0] c.e.d.service.AngelOneMarketDataService  : NIFTY = 23349.0
2026-09-11T11:43:51.124+05:30  INFO 16436 --- [nifty-trading] [ient-4-Worker-0] c.e.d.service.AngelOneMarketDataService  : ATM CE = 118.85
2026-09-11T11:43:51.125+05:30  INFO 16436 --- [nifty-trading] [ient-4-Worker-0] c.e.d.service.AngelOneMarketDataService  : NIFTY = 23348.05
2026-09-11T11:43:51.369+05:30  INFO 16436 --- [nifty-trading] [ient-4-Worker-0] c.e.d.service.AngelOneMarketDataService  : ATM CE = 118.85
2026-09-11T11:43:51.370+05:30  INFO 16436 --- [nifty-trading] [ient-4-Worker-0] c.e.d.service.AngelOneMarketDataService  : NIFTY = 23347.6
2026-09-11T11:43:51.621+05:30  INFO 16436 --- [nifty-trading] [ient-4-Worker-0] c.e.d.service.AngelOneMarketDataService  : NIFTY = 23348.0
2026-09-11T11:43:51.671+05:30  INFO 16436 --- [nifty-trading] [ient-4-Worker-0] c.e.d.service.AngelOneMarketDataService  : NIFTY = 23348.0
2026-09-11T11:43:51.672+05:30  INFO 16436 --- [nifty-trading] [ient-4-Worker-0] c.e.d.service.AngelOneMarketDataService  : NIFTY = 23348.0
2026-09-11T11:43:51.677+05:30  INFO 16436 --- [nifty-trading] [ient-4-Worker-0] c.e.d.service.AngelOneMarketDataService  : NIFTY = 23348.0
2026-09-11T11:43:51.677+05:30  INFO 16436 --- [nifty-trading] [ient-4-Worker-0] c.e.d.service.AngelOneMarketDataService  : NIFTY = 23348.0
2026-09-11T11:43:51.677+05:30  INFO 16436 --- [nifty-trading] [ient-4-Worker-0] c.e.d.service.AngelOneMarketDataService  : NIFTY = 23348.0
2026-09-11T11:43:51.700+05:30  INFO 16436 --- [nifty-trading] [ient-4-Worker-0] c.e.d.service.AngelOneMarketDataService  : NIFTY = 23348.0
2026-09-11T11:43:51.701+05:30  INFO 16436 --- [nifty-trading] [ient-4-Worker-0] c.e.d.service.AngelOneMarketDataService  : NIFTY = 23348.0
2026-09-11T11:43:52.079+05:30  INFO 16436 --- [nifty-trading] [ient-4-Worker-0] c.e.d.service.AngelOneMarketDataService  : NIFTY = 23347.8
2026-09-11T11:43:52.124+05:30  INFO 16436 --- [nifty-trading] [ient-4-Worker-0] c.e.d.service.AngelOneMarketDataService  : NIFTY = 23350.8
2026-09-11T11:43:52.297+05:30  INFO 16436 --- [nifty-trading] [ient-4-Worker-0] c.e.d.service.AngelOneMarketDataService  : ATM CE = 118.6
2026-09-11T11:43:52.376+05:30  INFO 16436 --- [nifty-trading] [ient-4-Worker-0] c.e.d.service.AngelOneMarketDataService  : NIFTY = 23350.8
2026-09-11T11:43:52.376+05:30  INFO 16436 --- [nifty-trading] [ient-4-Worker-0] c.e.d.service.AngelOneMarketDataService  : NIFTY = 23350.8
2026-09-11T11:43:52.376+05:30  INFO 16436 --- [nifty-trading] [ient-4-Worker-0] c.e.d.service.AngelOneMarketDataService  : NIFTY = 23350.8
2026-09-11T11:43:52.376+05:30  INFO 16436 --- [nifty-trading] [ient-4-Worker-0] c.e.d.service.AngelOneMarketDataService  : NIFTY = 23350.8
2026-09-11T11:43:52.376+05:30  INFO 16436 --- [nifty-trading] [ient-4-Worker-0] c.e.d.service.AngelOneMarketDataService  : NIFTY = 23350.8
2026-09-11T11:43:52.376+05:30  INFO 16436 --- [nifty-trading] [ient-4-Worker-0] c.e.d.service.AngelOneMarketDataService  : NIFTY = 23350.8
2026-09-11T11:43:52.376+05:30  INFO 16436 --- [nifty-trading] [ient-4-Worker-0] c.e.d.service.AngelOneMarketDataService  : NIFTY = 23350.8
2026-09-11T11:43:52.388+05:30  INFO 16436 --- [nifty-trading] [ient-4-Worker-0] c.e.d.service.AngelOneMarketDataService  : NIFTY = 23350.05
2026-09-11T11:43:52.620+05:30  INFO 16436 --- [nifty-trading] [ient-4-Worker-0] c.e.d.service.AngelOneMarketDataService  : NIFTY = 23350.9
2026-09-11T11:43:52.641+05:30  INFO 16436 --- [nifty-trading] [ient-4-Worker-0] c.e.d.service.AngelOneMarketDataService  : ATM CE = 118.7
2026-09-11T11:43:53.063+05:30  INFO 16436 --- [nifty-trading] [ient-4-Worker-0] c.e.d.service.AngelOneMarketDataService  : NIFTY = 23349.9
2026-09-11T11:43:53.063+05:30  INFO 16436 --- [nifty-trading] [ient-4-Worker-0] c.e.d.service.AngelOneMarketDataService  : NIFTY = 23349.9
2026-09-11T11:43:53.063+05:30  INFO 16436 --- [nifty-trading] [ient-4-Worker-0] c.e.d.service.AngelOneMarketDataService  : NIFTY = 23349.9
2026-09-11T11:43:53.063+05:30  INFO 16436 --- [nifty-trading] [ient-4-Worker-0] c.e.d.service.AngelOneMarketDataService  : NIFTY = 23349.9
2026-09-11T11:43:53.063+05:30  INFO 16436 --- [nifty-trading] [ient-4-Worker-0] c.e.d.service.AngelOneMarketDataService  : NIFTY = 23349.9
2026-09-11T11:43:53.063+05:30  INFO 16436 --- [nifty-trading] [ient-4-Worker-0] c.e.d.service.AngelOneMarketDataService  : NIFTY = 23349.9
2026-09-11T11:43:53.088+05:30  INFO 16436 --- [nifty-trading] [ient-4-Worker-0] c.e.d.service.AngelOneMarketDataService  : NIFTY = 23349.9
2026-09-11T11:43:53.089+05:30  INFO 16436 --- [nifty-trading] [ient-4-Worker-0] c.e.d.service.AngelOneMarketDataService  : NIFTY = 23349.9
2026-09-11T11:43:53.129+05:30  INFO 16436 --- [nifty-trading] [ient-4-Worker-0] c.e.d.service.AngelOneMarketDataService  : NIFTY = 23349.1
2026-09-11T11:43:53.383+05:30  INFO 16436 --- [nifty-trading] [ient-4-Worker-0] c.e.d.service.AngelOneMarketDataService  : ATM CE = 118.6
2026-09-11T11:43:53.383+05:30  INFO 16436 --- [nifty-trading] [ient-4-Worker-0] c.e.d.service.AngelOneMarketDataService  : NIFTY = 23349.55
2026-09-11T11:43:53.607+05:30  INFO 16436 --- [nifty-trading] [ient-4-Worker-0] c.e.d.service.AngelOneMarketDataService  : NIFTY = 23349.55
2026-09-11T11:43:53.607+05:30  INFO 16436 --- [nifty-trading] [ient-4-Worker-0] c.e.d.service.AngelOneMarketDataService  : NIFTY = 23349.55
2026-09-11T11:43:53.607+05:30  INFO 16436 --- [nifty-trading] [ient-4-Worker-0] c.e.d.service.AngelOneMarketDataService  : NIFTY = 23349.55
2026-09-11T11:43:53.609+05:30  INFO 16436 --- [nifty-trading] [ient-4-Worker-0] c.e.d.service.AngelOneMarketDataService  : NIFTY = 23349.55
2026-09-11T11:43:53.609+05:30  INFO 16436 --- [nifty-trading] [ient-4-Worker-0] c.e.d.service.AngelOneMarketDataService  : NIFTY = 23349.55
2026-09-11T11:43:53.609+05:30  INFO 16436 --- [nifty-trading] [ient-4-Worker-0] c.e.d.service.AngelOneMarketDataService  : NIFTY = 23349.55
2026-09-11T11:43:53.609+05:30  INFO 16436 --- [nifty-trading] [ient-4-Worker-0] c.e.d.service.AngelOneMarketDataService  : NIFTY = 23349.55
2026-09-11T11:43:53.636+05:30  INFO 16436 --- [nifty-trading] [ient-4-Worker-0] c.e.d.service.AngelOneMarketDataService  : NIFTY = 23349.5
2026-09-11T11:43:54.079+05:30  INFO 16436 --- [nifty-trading] [ient-4-Worker-0] c.e.d.service.AngelOneMarketDataService  : NIFTY = 23349.85
2026-09-11T11:43:54.121+05:30  INFO 16436 --- [nifty-trading] [ient-4-Worker-0] c.e.d.service.AngelOneMarketDataService  : NIFTY = 23350.1
2026-09-11T11:43:54.244+05:30  INFO 16436 --- [nifty-trading] [ient-4-Worker-0] c.e.d.service.AngelOneMarketDataService  : ATM CE = 119.05
2026-09-11T11:43:54.365+05:30  INFO 16436 --- [nifty-trading] [ient-4-Worker-0] c.e.d.service.AngelOneMarketDataService  : ATM CE = 119.05
2026-09-11T11:43:54.366+05:30  INFO 16436 --- [nifty-trading] [ient-4-Worker-0] c.e.d.service.AngelOneMarketDataService  : NIFTY = 23350.1
2026-09-11T11:43:54.366+05:30  INFO 16436 --- [nifty-trading] [ient-4-Worker-0] c.e.d.service.AngelOneMarketDataService  : NIFTY = 23350.1
2026-09-11T11:43:54.366+05:30  INFO 16436 --- [nifty-trading] [ient-4-Worker-0] c.e.d.service.AngelOneMarketDataService  : NIFTY = 23350.1
2026-09-11T11:43:54.366+05:30  INFO 16436 --- [nifty-trading] [ient-4-Worker-0] c.e.d.service.AngelOneMarketDataService  : NIFTY = 23350.1
2026-09-11T11:43:54.366+05:30  INFO 16436 --- [nifty-trading] [ient-4-Worker-0] c.e.d.service.AngelOneMarketDataService  : NIFTY = 23350.1
2026-09-11T11:43:54.367+05:30  INFO 16436 --- [nifty-trading] [ient-4-Worker-0] c.e.d.service.AngelOneMarketDataService  : NIFTY = 23350.1
2026-09-11T11:43:54.367+05:30  INFO 16436 --- [nifty-trading] [ient-4-Worker-0] c.e.d.service.AngelOneMarketDataService  : NIFTY = 23350.1
2026-09-11T11:43:54.410+05:30  INFO 16436 --- [nifty-trading] [ient-4-Worker-0] c.e.d.service.AngelOneMarketDataService  : NIFTY = 23349.9
2026-09-11T11:43:54.626+05:30  INFO 16436 --- [nifty-trading] [ient-4-Worker-0] c.e.d.service.AngelOneMarketDataService  : NIFTY = 23350.0
2026-09-11T11:43:55.083+05:30  INFO 16436 --- [nifty-trading] [ient-4-Worker-0] c.e.d.service.AngelOneMarketDataService  : NIFTY = 23349.85
2026-09-11T11:43:55.132+05:30  INFO 16436 --- [nifty-trading] [ient-4-Worker-0] c.e.d.service.AngelOneMarketDataService  : NIFTY = 23349.7
2026-09-11T11:43:55.295+05:30  INFO 16436 --- [nifty-trading] [ient-4-Worker-0] c.e.d.service.AngelOneMarketDataService  : ATM CE = 118.7
2026-09-11T11:43:55.376+05:30  INFO 16436 --- [nifty-trading] [ient-4-Worker-0] c.e.d.service.AngelOneMarketDataService  : NIFTY = 23349.85
2026-09-11T11:43:55.620+05:30  INFO 16436 --- [nifty-trading] [ient-4-Worker-0] c.e.d.service.AngelOneMarketDataService  : NIFTY = 23350.3
2026-09-11T11:43:56.056+05:30  INFO 16436 --- [nifty-trading] [ient-4-Worker-0] c.e.d.service.AngelOneMarketDataService  : NIFTY = 23350.4
2026-09-11T11:43:56.056+05:30  INFO 16436 --- [nifty-trading] [ient-4-Worker-0] c.e.d.service.AngelOneMarketDataService  : ATM CE = 118.85
2026-09-11T11:43:56.125+05:30  INFO 16436 --- [nifty-trading] [ient-4-Worker-0] c.e.d.service.AngelOneMarketDataService  : NIFTY = 23349.9
2026-09-11T11:43:56.389+05:30  INFO 16436 --- [nifty-trading] [ient-4-Worker-0] c.e.d.service.AngelOneMarketDataService  : ATM CE = 119.05
2026-09-11T11:43:56.389+05:30  INFO 16436 --- [nifty-trading] [ient-4-Worker-0] c.e.d.service.AngelOneMarketDataService  : NIFTY = 23349.6
2026-09-11T11:43:56.621+05:30  INFO 16436 --- [nifty-trading] [ient-4-Worker-0] c.e.d.service.AngelOneMarketDataService  : NIFTY = 23349.65
2026-09-11T11:43:57.079+05:30  INFO 16436 --- [nifty-trading] [ient-4-Worker-0] c.e.d.service.AngelOneMarketDataService  : NIFTY = 23349.9
2026-09-11T11:43:57.125+05:30  INFO 16436 --- [nifty-trading] [ient-4-Worker-0] c.e.d.service.AngelOneMarketDataService  : NIFTY = 23349.35
2026-09-11T11:43:57.379+05:30  INFO 16436 --- [nifty-trading] [ient-4-Worker-0] c.e.d.service.AngelOneMarketDataService  : ATM CE = 118.9
2026-09-11T11:43:57.379+05:30  INFO 16436 --- [nifty-trading] [ient-4-Worker-0] c.e.d.service.AngelOneMarketDataService  : NIFTY = 23349.75
2026-09-11T11:43:57.621+05:30  INFO 16436 --- [nifty-trading] [ient-4-Worker-0] c.e.d.service.AngelOneMarketDataService  : NIFTY = 23349.25
2026-09-11T11:43:57.656+05:30  INFO 16436 --- [nifty-trading] [ient-4-Worker-0] c.e.d.service.AngelOneMarketDataService  : ATM CE = 119.15
2026-09-11T11:43:58.081+05:30  INFO 16436 --- [nifty-trading] [ient-4-Worker-0] c.e.d.service.AngelOneMarketDataService  : NIFTY = 23349.2
2026-09-11T11:43:58.122+05:30  INFO 16436 --- [nifty-trading] [ient-4-Worker-0] c.e.d.service.AngelOneMarketDataService  : NIFTY = 23348.95
2026-09-11T11:43:58.305+05:30  INFO 16436 --- [nifty-trading] [ient-4-Worker-0] c.e.d.service.AngelOneMarketDataService  : ATM CE = 118.9
2026-09-11T11:43:58.374+05:30  INFO 16436 --- [nifty-trading] [ient-4-Worker-0] c.e.d.service.AngelOneMarketDataService  : NIFTY = 23348.6
2026-09-11T11:43:58.623+05:30  INFO 16436 --- [nifty-trading] [ient-4-Worker-0] c.e.d.service.AngelOneMarketDataService  : NIFTY = 23348.9
2026-09-11T11:43:58.884+05:30  INFO 16436 --- [nifty-trading] [ient-4-Worker-0] c.e.d.service.AngelOneMarketDataService  : NIFTY = 23349.95
2026-09-11T11:43:59.190+05:30  INFO 16436 --- [nifty-trading] [ient-4-Worker-0] c.e.d.service.AngelOneMarketDataService  : NIFTY = 23349.8
2026-09-11T11:43:59.245+05:30  INFO 16436 --- [nifty-trading] [ient-4-Worker-0] c.e.d.service.AngelOneMarketDataService  : ATM CE = 119.55
2026-09-11T11:43:59.407+05:30  INFO 16436 --- [nifty-trading] [ient-4-Worker-0] c.e.d.service.AngelOneMarketDataService  : ATM CE = 119.45
2026-09-11T11:43:59.407+05:30  INFO 16436 --- [nifty-trading] [ient-4-Worker-0] c.e.d.service.AngelOneMarketDataService  : NIFTY = 23349.1
2026-09-11T11:43:59.621+05:30  INFO 16436 --- [nifty-trading] [ient-4-Worker-0] c.e.d.service.AngelOneMarketDataService  : NIFTY = 23350.05
2026-09-11T11:43:59.882+05:30  INFO 16436 --- [nifty-trading] [ient-4-Worker-0] c.e.d.service.AngelOneMarketDataService  : NIFTY = 23350.25
2026-09-11T11:44:00.123+05:30  INFO 16436 --- [nifty-trading] [ient-4-Worker-0] c.e.d.service.AngelOneMarketDataService  : NIFTY = 23351.75
2026-09-11T11:44:00.196+05:30  INFO 16436 --- [nifty-trading] [ient-4-Worker-0] c.e.d.service.AngelOneMarketDataService  : ATM CE = 119.45
2026-09-11T11:44:00.307+05:30  INFO 16436 --- [nifty-trading] [ient-4-Worker-0] c.e.d.service.AngelOneMarketDataService  : ATM CE = 120.35
2026-09-11T11:44:00.378+05:30  INFO 16436 --- [nifty-trading] [ient-4-Worker-0] c.e.d.service.AngelOneMarketDataService  : NIFTY = 23351.5
2026-09-11T11:44:00.624+05:30  INFO 16436 --- [nifty-trading] [ient-4-Worker-0] c.e.d.service.AngelOneMarketDataService  : NIFTY = 23351.3
2026-09-11T11:44:00.864+05:30  INFO 16436 --- [nifty-trading] [ient-4-Worker-0] c.e.d.service.AngelOneMarketDataService  : ATM CE = 120.7
2026-09-11T11:44:00.880+05:30  INFO 16436 --- [nifty-trading] [ient-4-Worker-0] c.e.d.service.AngelOneMarketDataService  : NIFTY = 23351.1
2026-09-11T11:44:01.120+05:30  INFO 16436 --- [nifty-trading] [ient-4-Worker-0] c.e.d.service.AngelOneMarketDataService  : NIFTY = 23351.1
2026-09-11T11:44:01.301+05:30  INFO 16436 --- [nifty-trading] [ient-4-Worker-0] c.e.d.service.AngelOneMarketDataService  : ATM CE = 121.45
2026-09-11T11:44:01.625+05:30  INFO 16436 --- [nifty-trading] [ient-4-Worker-0] c.e.d.service.AngelOneMarketDataService  : NIFTY = 23351.45
2026-09-11T11:44:01.882+05:30  INFO 16436 --- [nifty-trading] [ient-4-Worker-0] c.e.d.service.AngelOneMarketDataService  : NIFTY = 23351.5
2026-09-11T11:44:02.123+05:30  INFO 16436 --- [nifty-trading] [ient-4-Worker-0] c.e.d.service.AngelOneMarketDataService  : NIFTY = 23353.1
2026-09-11T11:44:02.303+05:30  INFO 16436 --- [nifty-trading] [ient-4-Worker-0] c.e.d.service.AngelOneMarketDataService  : ATM CE = 121.5
2026-09-11T11:44:02.373+05:30  INFO 16436 --- [nifty-trading] [ient-4-Worker-0] c.e.d.service.AngelOneMarketDataService  : NIFTY = 23352.2
2026-09-11T11:44:02.466+05:30  INFO 16436 --- [nifty-trading] [ient-4-Worker-0] c.e.d.service.AngelOneMarketDataService  : ATM CE = 121.45
2026-09-11T11:44:02.622+05:30  INFO 16436 --- [nifty-trading] [ient-4-Worker-0] c.e.d.service.AngelOneMarketDataService  : NIFTY = 23352.45
2026-09-11T11:44:03.079+05:30  INFO 16436 --- [nifty-trading] [ient-4-Worker-0] c.e.d.service.AngelOneMarketDataService  : NIFTY = 23352.5
2026-09-11T11:44:03.120+05:30  INFO 16436 --- [nifty-trading] [ient-4-Worker-0] c.e.d.service.AngelOneMarketDataService  : NIFTY = 23352.05
2026-09-11T11:44:03.303+05:30  INFO 16436 --- [nifty-trading] [ient-4-Worker-0] c.e.d.service.AngelOneMarketDataService  : ATM CE = 122.5
2026-09-11T11:44:03.374+05:30  INFO 16436 --- [nifty-trading] [ient-4-Worker-0] c.e.d.service.AngelOneMarketDataService  : NIFTY = 23351.85
2026-09-11T11:44:03.624+05:30  INFO 16436 --- [nifty-trading] [ient-4-Worker-0] c.e.d.service.AngelOneMarketDataService  : NIFTY = 23352.0
2026-09-11T11:44:04.065+05:30  INFO 16436 --- [nifty-trading] [ient-4-Worker-0] c.e.d.service.AngelOneMarketDataService  : NIFTY = 23351.3
2026-09-11T11:44:04.065+05:30  INFO 16436 --- [nifty-trading] [ient-4-Worker-0] c.e.d.service.AngelOneMarketDataService  : ATM CE = 122.1
2026-09-11T11:44:04.127+05:30  INFO 16436 --- [nifty-trading] [ient-4-Worker-0] c.e.d.service.AngelOneMarketDataService  : NIFTY = 23352.1
2026-09-11T11:44:04.305+05:30  INFO 16436 --- [nifty-trading] [ient-4-Worker-0] c.e.d.service.AngelOneMarketDataService  : ATM CE = 121.3
2026-09-11T11:44:04.371+05:30  INFO 16436 --- [nifty-trading] [ient-4-Worker-0] c.e.d.service.AngelOneMarketDataService  : NIFTY = 23351.95
2026-09-11T11:44:04.620+05:30  INFO 16436 --- [nifty-trading] [ient-4-Worker-0] c.e.d.service.AngelOneMarketDataService  : NIFTY = 23352.05
2026-09-11T11:44:04.883+05:30  INFO 16436 --- [nifty-trading] [ient-4-Worker-0] c.e.d.service.AngelOneMarketDataService  : NIFTY = 23351.6
2026-09-11T11:44:05.123+05:30  INFO 16436 --- [nifty-trading] [ient-4-Worker-0] c.e.d.service.AngelOneMarketDataService  : NIFTY = 23351.95
2026-09-11T11:44:05.303+05:30  INFO 16436 --- [nifty-trading] [ient-4-Worker-0] c.e.d.service.AngelOneMarketDataService  : ATM CE = 121.95
2026-09-11T11:44:05.370+05:30  INFO 16436 --- [nifty-trading] [ient-4-Worker-0] c.e.d.service.AngelOneMarketDataService  : NIFTY = 23352.05
2026-09-11T11:44:05.862+05:30  INFO 16436 --- [nifty-trading] [ient-4-Worker-0] c.e.d.service.AngelOneMarketDataService  : ATM CE = 121.75
2026-09-11T11:44:06.078+05:30  INFO 16436 --- [nifty-trading] [ient-4-Worker-0] c.e.d.service.AngelOneMarketDataService  : NIFTY = 23351.95
2026-09-11T11:44:06.120+05:30  INFO 16436 --- [nifty-trading] [ient-4-Worker-0] c.e.d.service.AngelOneMarketDataService  : NIFTY = 23350.95
2026-09-11T11:44:06.303+05:30  INFO 16436 --- [nifty-trading] [ient-4-Worker-0] c.e.d.service.AngelOneMarketDataService  : ATM CE = 121.6
2026-09-11T11:44:06.623+05:30  INFO 16436 --- [nifty-trading] [ient-4-Worker-0] c.e.d.service.AngelOneMarketDataService  : NIFTY = 23350.8
2026-09-11T11:44:07.080+05:30  INFO 16436 --- [nifty-trading] [ient-4-Worker-0] c.e.d.service.AngelOneMarketDataService  : NIFTY = 23351.8
2026-09-11T11:44:07.125+05:30  INFO 16436 --- [nifty-trading] [ient-4-Worker-0] c.e.d.service.AngelOneMarketDataService  : NIFTY = 23351.4
2026-09-11T11:44:07.303+05:30  INFO 16436 --- [nifty-trading] [ient-4-Worker-0] c.e.d.service.AngelOneMarketDataService  : ATM CE = 121.0
2026-09-11T11:44:07.371+05:30  INFO 16436 --- [nifty-trading] [ient-4-Worker-0] c.e.d.service.AngelOneMarketDataService  : NIFTY = 23351.55
2026-09-11T11:44:07.465+05:30  INFO 16436 --- [nifty-trading] [ient-4-Worker-0] c.e.d.service.AngelOneMarketDataService  : ATM CE = 120.65
2026-09-11T11:44:07.622+05:30  INFO 16436 --- [nifty-trading] [ient-4-Worker-0] c.e.d.service.AngelOneMarketDataService  : NIFTY = 23351.65
2026-09-11T11:44:07.877+05:30  INFO 16436 --- [nifty-trading] [ient-4-Worker-0] c.e.d.service.AngelOneMarketDataService  : NIFTY = 23351.5
2026-09-11T11:44:08.121+05:30  INFO 16436 --- [nifty-trading] [ient-4-Worker-0] c.e.d.service.AngelOneMarketDataService  : NIFTY = 23351.05
2026-09-11T11:44:08.591+05:30  INFO 16436 --- [nifty-trading] [ient-4-Worker-0] c.e.d.service.AngelOneMarketDataService  : ATM CE = 120.85
2026-09-11T11:44:08.591+05:30  INFO 16436 --- [nifty-trading] [ient-4-Worker-0] c.e.d.service.AngelOneMarketDataService  : NIFTY = 23350.9
2026-09-11T11:44:08.623+05:30  INFO 16436 --- [nifty-trading] [ient-4-Worker-0] c.e.d.service.AngelOneMarketDataService  : NIFTY = 23351.1
2026-09-11T11:44:09.075+05:30  INFO 16436 --- [nifty-trading] [ient-4-Worker-0] c.e.d.service.AngelOneMarketDataService  : NIFTY = 23351.4
2026-09-11T11:44:09.075+05:30  INFO 16436 --- [nifty-trading] [ient-4-Worker-0] c.e.d.service.AngelOneMarketDataService  : ATM CE = 120.75
2026-09-11T11:44:09.120+05:30  INFO 16436 --- [nifty-trading] [ient-4-Worker-0] c.e.d.service.AngelOneMarketDataService  : NIFTY = 23351.35
2026-09-11T11:44:09.306+05:30  INFO 16436 --- [nifty-trading] [ient-4-Worker-0] c.e.d.service.AngelOneMarketDataService  : ATM CE = 121.2
2026-09-11T11:44:09.373+05:30  INFO 16436 --- [nifty-trading] [ient-4-Worker-0] c.e.d.service.AngelOneMarketDataService  : NIFTY = 23351.25
2026-09-11T11:44:09.881+05:30  INFO 16436 --- [nifty-trading] [ient-4-Worker-0] c.e.d.service.AngelOneMarketDataService  : NIFTY = 23351.3
2026-09-11T11:44:10.134+05:30  INFO 16436 --- [nifty-trading] [ient-4-Worker-0] c.e.d.service.AngelOneMarketDataService  : NIFTY = 23350.95
2026-09-11T11:44:10.349+05:30  INFO 16436 --- [nifty-trading] [ient-4-Worker-0] c.e.d.service.AngelOneMarketDataService  : ATM CE = 122.65
2026-09-11T11:44:10.399+05:30  INFO 16436 --- [nifty-trading] [ient-4-Worker-0] c.e.d.service.AngelOneMarketDataService  : NIFTY = 23351.55
2026-09-11T11:44:10.637+05:30  INFO 16436 --- [nifty-trading] [ient-4-Worker-0] c.e.d.service.AngelOneMarketDataService  : NIFTY = 23352.3
2026-09-11T11:44:10.873+05:30  INFO 16436 --- [nifty-trading] [ient-4-Worker-0] c.e.d.service.AngelOneMarketDataService  : ATM CE = 122.4
2026-09-11T11:44:10.883+05:30  INFO 16436 --- [nifty-trading] [ient-4-Worker-0] c.e.d.service.AngelOneMarketDataService  : NIFTY = 23352.65
2026-09-11T11:44:11.120+05:30  INFO 16436 --- [nifty-trading] [ient-4-Worker-0] c.e.d.service.AngelOneMarketDataService  : NIFTY = 23353.15
2026-09-11T11:44:11.395+05:30  INFO 16436 --- [nifty-trading] [ient-4-Worker-0] c.e.d.service.AngelOneMarketDataService  : ATM CE = 122.0
2026-09-11T11:44:11.396+05:30  INFO 16436 --- [nifty-trading] [ient-4-Worker-0] c.e.d.service.AngelOneMarketDataService  : NIFTY = 23352.8
2026-09-11T11:44:11.652+05:30  INFO 16436 --- [nifty-trading] [ient-4-Worker-0] c.e.d.service.AngelOneMarketDataService  : NIFTY = 23352.2
2026-09-11T11:44:11.893+05:30  INFO 16436 --- [nifty-trading] [ient-4-Worker-0] c.e.d.service.AngelOneMarketDataService  : NIFTY = 23352.3
2026-09-11T11:44:12.125+05:30  INFO 16436 --- [nifty-trading] [ient-4-Worker-0] c.e.d.service.AngelOneMarketDataService  : NIFTY = 23354.35
2026-09-11T11:44:12.307+05:30  INFO 16436 --- [nifty-trading] [ient-4-Worker-0] c.e.d.service.AngelOneMarketDataService  : ATM CE = 123.5
2026-09-11T11:44:12.403+05:30  INFO 16436 --- [nifty-trading] [ient-4-Worker-0] c.e.d.service.AngelOneMarketDataService  : NIFTY = 23353.85
2026-09-11T11:44:12.467+05:30  INFO 16436 --- [nifty-trading] [ient-4-Worker-0] c.e.d.service.AngelOneMarketDataService  : ATM CE = 123.95
2026-09-11T11:44:12.619+05:30  INFO 16436 --- [nifty-trading] [ient-4-Worker-0] c.e.d.service.AngelOneMarketDataService  : NIFTY = 23354.0
2026-09-11T11:44:12.889+05:30  INFO 16436 --- [nifty-trading] [ient-4-Worker-0] c.e.d.service.AngelOneMarketDataService  : NIFTY = 23354.2
2026-09-11T11:44:13.125+05:30  INFO 16436 --- [nifty-trading] [ient-4-Worker-0] c.e.d.service.AngelOneMarketDataService  : NIFTY = 23354.55
2026-09-11T11:44:13.384+05:30  INFO 16436 --- [nifty-trading] [ient-4-Worker-0] c.e.d.service.AngelOneMarketDataService  : ATM CE = 125.9
2026-09-11T11:44:13.384+05:30  INFO 16436 --- [nifty-trading] [ient-4-Worker-0] c.e.d.service.AngelOneMarketDataService  : NIFTY = 23355.65
2026-09-11T11:44:13.628+05:30  INFO 16436 --- [nifty-trading] [ient-4-Worker-0] c.e.d.service.AngelOneMarketDataService  : NIFTY = 23355.35
2026-09-11T11:44:13.882+05:30  INFO 16436 --- [nifty-trading] [ient-4-Worker-0] c.e.d.service.AngelOneMarketDataService  : NIFTY = 23356.05
2026-09-11T11:44:14.073+05:30  INFO 16436 --- [nifty-trading] [ient-4-Worker-0] c.e.d.service.AngelOneMarketDataService  : ATM CE = 124.0
2026-09-11T11:44:14.125+05:30  INFO 16436 --- [nifty-trading] [ient-4-Worker-0] c.e.d.service.AngelOneMarketDataService  : NIFTY = 23356.4
2026-09-11T11:44:14.313+05:30  INFO 16436 --- [nifty-trading] [ient-4-Worker-0] c.e.d.service.AngelOneMarketDataService  : ATM CE = 124.1
2026-09-11T11:44:14.372+05:30  INFO 16436 --- [nifty-trading] [ient-4-Worker-0] c.e.d.service.AngelOneMarketDataService  : NIFTY = 23357.45
2026-09-11T11:44:14.623+05:30  INFO 16436 --- [nifty-trading] [ient-4-Worker-0] c.e.d.service.AngelOneMarketDataService  : NIFTY = 23356.25
2026-09-11T11:44:14.880+05:30  INFO 16436 --- [nifty-trading] [ient-4-Worker-0] c.e.d.service.AngelOneMarketDataService  : NIFTY = 23355.95
2026-09-11T11:44:15.121+05:30  INFO 16436 --- [nifty-trading] [ient-4-Worker-0] c.e.d.service.AngelOneMarketDataService  : NIFTY = 23356.65
2026-09-11T11:44:15.311+05:30  INFO 16436 --- [nifty-trading] [ient-4-Worker-0] c.e.d.service.AngelOneMarketDataService  : ATM CE = 125.0
2026-09-11T11:44:15.376+05:30  INFO 16436 --- [nifty-trading] [ient-4-Worker-0] c.e.d.service.AngelOneMarketDataService  : NIFTY = 23356.6
2026-09-11T11:44:15.618+05:30  INFO 16436 --- [nifty-trading] [ient-4-Worker-0] c.e.d.service.AngelOneMarketDataService  : NIFTY = 23356.5
2026-09-11T11:44:15.887+05:30  INFO 16436 --- [nifty-trading] [ient-4-Worker-0] c.e.d.service.AngelOneMarketDataService  : NIFTY = 23356.95
2026-09-11T11:44:16.095+05:30  INFO 16436 --- [nifty-trading] [ient-4-Worker-0] c.e.d.service.AngelOneMarketDataService  : ATM CE = 124.0
2026-09-11T11:44:16.119+05:30  INFO 16436 --- [nifty-trading] [ient-4-Worker-0] c.e.d.service.AngelOneMarketDataService  : NIFTY = 23356.9
2026-09-11T11:44:16.313+05:30  INFO 16436 --- [nifty-trading] [ient-4-Worker-0] c.e.d.service.AngelOneMarketDataService  : ATM CE = 124.6
2026-09-11T11:44:16.374+05:30  INFO 16436 --- [nifty-trading] [ient-4-Worker-0] c.e.d.service.AngelOneMarketDataService  : NIFTY = 23356.8
2026-09-11T11:44:16.621+05:30  INFO 16436 --- [nifty-trading] [ient-4-Worker-0] c.e.d.service.AngelOneMarketDataService  : NIFTY = 23356.3
2026-09-11T11:44:16.876+05:30  INFO 16436 --- [nifty-trading] [ient-4-Worker-0] c.e.d.service.AngelOneMarketDataService  : NIFTY = 23357.05
2026-09-11T11:44:17.121+05:30  INFO 16436 --- [nifty-trading] [ient-4-Worker-0] c.e.d.service.AngelOneMarketDataService  : NIFTY = 23356.3
2026-09-11T11:44:17.315+05:30  INFO 16436 --- [nifty-trading] [ient-4-Worker-0] c.e.d.service.AngelOneMarketDataService  : ATM CE = 124.8
2026-09-11T11:44:17.372+05:30  INFO 16436 --- [nifty-trading] [ient-4-Worker-0] c.e.d.service.AngelOneMarketDataService  : NIFTY = 23356.45
2026-09-11T11:44:17.474+05:30  INFO 16436 --- [nifty-trading] [ient-4-Worker-0] c.e.d.service.AngelOneMarketDataService  : ATM CE = 124.95
2026-09-11T11:44:17.621+05:30  INFO 16436 --- [nifty-trading] [ient-4-Worker-0] c.e.d.service.AngelOneMarketDataService  : NIFTY = 23356.35
2026-09-11T11:44:17.879+05:30  INFO 16436 --- [nifty-trading] [ient-4-Worker-0] c.e.d.service.AngelOneMarketDataService  : NIFTY = 23357.05
2026-09-11T11:44:18.122+05:30  INFO 16436 --- [nifty-trading] [ient-4-Worker-0] c.e.d.service.AngelOneMarketDataService  : NIFTY = 23356.95
2026-09-11T11:44:18.316+05:30  INFO 16436 --- [nifty-trading] [ient-4-Worker-0] c.e.d.service.AngelOneMarketDataService  : ATM CE = 125.05
2026-09-11T11:44:18.368+05:30  INFO 16436 --- [nifty-trading] [ient-4-Worker-0] c.e.d.service.AngelOneMarketDataService  : NIFTY = 23357.85
2026-09-11T11:44:18.623+05:30  INFO 16436 --- [nifty-trading] [ient-4-Worker-0] c.e.d.service.AngelOneMarketDataService  : NIFTY = 23356.8
2026-09-11T11:44:18.876+05:30  INFO 16436 --- [nifty-trading] [ient-4-Worker-0] c.e.d.service.AngelOneMarketDataService  : NIFTY = 23356.9
2026-09-11T11:44:19.079+05:30  INFO 16436 --- [nifty-trading] [ient-4-Worker-0] c.e.d.service.AngelOneMarketDataService  : ATM CE = 124.4
2026-09-11T11:44:19.122+05:30  INFO 16436 --- [nifty-trading] [ient-4-Worker-0] c.e.d.service.AngelOneMarketDataService  : NIFTY = 23356.6
2026-09-11T11:44:19.351+05:30  INFO 16436 --- [nifty-trading] [ient-4-Worker-0] c.e.d.service.AngelOneMarketDataService  : ATM CE = 124.6
2026-09-11T11:44:19.382+05:30  INFO 16436 --- [nifty-trading] [ient-4-Worker-0] c.e.d.service.AngelOneMarketDataService  : NIFTY = 23357.4
2026-09-11T11:44:19.623+05:30  INFO 16436 --- [nifty-trading] [ient-4-Worker-0] c.e.d.service.AngelOneMarketDataService  : NIFTY = 23357.15
2026-09-11T11:44:19.880+05:30  INFO 16436 --- [nifty-trading] [ient-4-Worker-0] c.e.d.service.AngelOneMarketDataService  : NIFTY = 23357.0
2026-09-11T11:44:20.126+05:30  INFO 16436 --- [nifty-trading] [ient-4-Worker-0] c.e.d.service.AngelOneMarketDataService  : NIFTY = 23356.7
2026-09-11T11:44:20.379+05:30  INFO 16436 --- [nifty-trading] [ient-4-Worker-0] c.e.d.service.AngelOneMarketDataService  : ATM CE = 123.55
2026-09-11T11:44:20.379+05:30  INFO 16436 --- [nifty-trading] [ient-4-Worker-0] c.e.d.service.AngelOneMarketDataService  : NIFTY = 23356.25
2026-09-11T11:44:20.620+05:30  INFO 16436 --- [nifty-trading] [ient-4-Worker-0] c.e.d.service.AngelOneMarketDataService  : NIFTY = 23356.15
2026-09-11T11:44:20.878+05:30  INFO 16436 --- [nifty-trading] [ient-4-Worker-0] c.e.d.service.AngelOneMarketDataService  : NIFTY = 23355.9
2026-09-11T11:44:20.888+05:30  INFO 16436 --- [nifty-trading] [ient-4-Worker-0] c.e.d.service.AngelOneMarketDataService  : ATM CE = 123.05
2026-09-11T11:44:21.121+05:30  INFO 16436 --- [nifty-trading] [ient-4-Worker-0] c.e.d.service.AngelOneMarketDataService  : NIFTY = 23355.3
2026-09-11T11:44:21.314+05:30  INFO 16436 --- [nifty-trading] [ient-4-Worker-0] c.e.d.service.AngelOneMarketDataService  : ATM CE = 123.25
2026-09-11T11:44:21.372+05:30  INFO 16436 --- [nifty-trading] [ient-4-Worker-0] c.e.d.service.AngelOneMarketDataService  : NIFTY = 23355.95
2026-09-11T11:44:21.626+05:30  INFO 16436 --- [nifty-trading] [ient-4-Worker-0] c.e.d.service.AngelOneMarketDataService  : NIFTY = 23355.4
2026-09-11T11:44:21.881+05:30  INFO 16436 --- [nifty-trading] [ient-4-Worker-0] c.e.d.service.AngelOneMarketDataService  : NIFTY = 23355.55
2026-09-11T11:44:22.125+05:30  INFO 16436 --- [nifty-trading] [ient-4-Worker-0] c.e.d.service.AngelOneMarketDataService  : NIFTY = 23357.45
2026-09-11T11:44:22.315+05:30  INFO 16436 --- [nifty-trading] [ient-4-Worker-0] c.e.d.service.AngelOneMarketDataService  : ATM CE = 122.95
2026-09-11T11:44:22.370+05:30  INFO 16436 --- [nifty-trading] [ient-4-Worker-0] c.e.d.service.AngelOneMarketDataService  : NIFTY = 23357.4
2026-09-11T11:44:22.483+05:30  INFO 16436 --- [nifty-trading] [ient-4-Worker-0] c.e.d.service.AngelOneMarketDataService  : ATM CE = 123.2
2026-09-11T11:44:22.623+05:30  INFO 16436 --- [nifty-trading] [ient-4-Worker-0] c.e.d.service.AngelOneMarketDataService  : NIFTY = 23356.65
2026-09-11T11:44:22.875+05:30  INFO 16436 --- [nifty-trading] [ient-4-Worker-0] c.e.d.service.AngelOneMarketDataService  : NIFTY = 23357.0
2026-09-11T11:44:23.125+05:30  INFO 16436 --- [nifty-trading] [ient-4-Worker-0] c.e.d.service.AngelOneMarketDataService  : NIFTY = 23356.65
2026-09-11T11:44:23.384+05:30  INFO 16436 --- [nifty-trading] [ient-4-Worker-0] c.e.d.service.AngelOneMarketDataService  : ATM CE = 123.0
2026-09-11T11:44:23.384+05:30  INFO 16436 --- [nifty-trading] [ient-4-Worker-0] c.e.d.service.AngelOneMarketDataService  : NIFTY = 23355.75
2026-09-11T11:44:23.632+05:30  INFO 16436 --- [nifty-trading] [ient-4-Worker-0] c.e.d.service.AngelOneMarketDataService  : NIFTY = 23355.8
2026-09-11T11:44:23.883+05:30  INFO 16436 --- [nifty-trading] [ient-4-Worker-0] c.e.d.service.AngelOneMarketDataService  : NIFTY = 23356.2
2026-09-11T11:44:24.089+05:30  INFO 16436 --- [nifty-trading] [ient-4-Worker-0] c.e.d.service.AngelOneMarketDataService  : ATM CE = 123.15
2026-09-11T11:44:24.121+05:30  INFO 16436 --- [nifty-trading] [ient-4-Worker-0] c.e.d.service.AngelOneMarketDataService  : NIFTY = 23355.95
2026-09-11T11:44:24.319+05:30  INFO 16436 --- [nifty-trading] [ient-4-Worker-0] c.e.d.service.AngelOneMarketDataService  : ATM CE = 123.45
2026-09-11T11:44:24.372+05:30  INFO 16436 --- [nifty-trading] [ient-4-Worker-0] c.e.d.service.AngelOneMarketDataService  : NIFTY = 23355.0
2026-09-11T11:44:24.621+05:30  INFO 16436 --- [nifty-trading] [ient-4-Worker-0] c.e.d.service.AngelOneMarketDataService  : NIFTY = 23354.8
2026-09-11T11:44:24.892+05:30  INFO 16436 --- [nifty-trading] [ient-4-Worker-0] c.e.d.service.AngelOneMarketDataService  : NIFTY = 23354.7
2026-09-11T11:44:25.128+05:30  INFO 16436 --- [nifty-trading] [ient-4-Worker-0] c.e.d.service.AngelOneMarketDataService  : NIFTY = 23355.5
2026-09-11T11:44:25.315+05:30  INFO 16436 --- [nifty-trading] [ient-4-Worker-0] c.e.d.service.AngelOneMarketDataService  : ATM CE = 123.5
2026-09-11T11:44:25.373+05:30  INFO 16436 --- [nifty-trading] [ient-4-Worker-0] c.e.d.service.AngelOneMarketDataService  : NIFTY = 23354.7
2026-09-11T11:44:25.626+05:30  INFO 16436 --- [nifty-trading] [ient-4-Worker-0] c.e.d.service.AngelOneMarketDataService  : NIFTY = 23354.8
2026-09-11T11:44:25.881+05:30  INFO 16436 --- [nifty-trading] [ient-4-Worker-0] c.e.d.service.AngelOneMarketDataService  : NIFTY = 23355.2
2026-09-11T11:44:25.900+05:30  INFO 16436 --- [nifty-trading] [ient-4-Worker-0] c.e.d.service.AngelOneMarketDataService  : ATM CE = 122.55
2026-09-11T11:44:26.120+05:30  INFO 16436 --- [nifty-trading] [ient-4-Worker-0] c.e.d.service.AngelOneMarketDataService  : NIFTY = 23355.1
2026-09-11T11:44:26.317+05:30  INFO 16436 --- [nifty-trading] [ient-4-Worker-0] c.e.d.service.AngelOneMarketDataService  : ATM CE = 122.6
2026-09-11T11:44:26.372+05:30  INFO 16436 --- [nifty-trading] [ient-4-Worker-0] c.e.d.service.AngelOneMarketDataService  : NIFTY = 23354.4
